ds,yhat,State
2023-12-04,204361640.27538967,Alabama
2023-12-05,201045724.9500865,Alabama
2023-12-06,220356505.89049712,Alabama
2023-12-07,195263709.87274563,Alabama
2023-12-08,198112869.35846382,Alabama
2023-12-09,205877724.17009947,Alabama
2023-12-10,199707120.98145488,Alabama
2023-12-11,202016539.60018063,Alabama
2023-12-12,199393735.66942975,Alabama
2023-12-13,219470561.53247756,Alabama
2023-12-14,195193687.19193405,Alabama
2023-12-15,198884119.67146006,Alabama
2023-12-16,207490324.04836866,Alabama
2023-12-17,202135860.52613604,Alabama
2023-12-18,205211645.23470715,Alabama
2023-12-19,203282303.2778081,Alabama
2023-12-20,223958655.4437446,Alabama
2023-12-21,200169041.54911685,Alabama
2023-12-22,204219361.668973,Alabama
2023-12-23,213046623.85565144,Alabama
2023-12-24,207766900.85677359,Alabama
2023-12-25,210767794.7940511,Alabama
2023-12-26,208614872.9773818,Alabama
2023-12-27,228924114.43977818,Alabama
2023-12-28,204633071.89347768,Alabama
2023-12-29,208060635.583109,Alabama
2023-12-30,216160196.1958026,Alabama
2023-12-31,210067120.96004283,Alabama
2024-01-01,212190656.2481088,Alabama
2024-01-02,209119736.4961152,Alabama
2024-01-03,228494757.48058575,Alabama
2024-01-04,203278038.3632573,Alabama
2024-01-05,205812879.3824097,Alabama
2024-01-06,213076032.84162924,Alabama
2024-01-07,206224521.5168732,Alabama
2024-01-08,207686936.7049644,Alabama
2024-01-09,204068713.00453588,Alabama
2024-01-10,223023453.02368742,Alabama
2024-01-11,197523039.02270728,Alabama
2024-01-12,199916448.0521744,Alabama
2024-01-13,207182094.73349375,Alabama
2024-01-14,200474638.93708354,Alabama
2024-01-15,202216390.26926833,Alabama
2024-01-16,199002802.73192254,Alabama
2024-01-17,218474125.71747822,Alabama
2024-01-18,193585938.2375626,Alabama
2024-01-19,196668470.0581655,Alabama
2024-01-20,204679518.6120939,Alabama
2024-01-21,198751881.7348389,Alabama
2024-01-22,201285419.50051633,Alabama
2024-01-23,198853219.0144695,Alabama
2024-01-24,219073908.52082726,Alabama
2024-01-25,194882828.19676664,Alabama
2024-01-26,198591942.63684848,Alabama
2024-01-27,207143286.6237071,Alabama
2024-01-28,201656848.85922378,Alabama
2023-12-04,221590978.95190173,Arizona
2023-12-05,217444198.79185432,Arizona
2023-12-06,233843311.95295298,Arizona
2023-12-07,210040839.39201123,Arizona
2023-12-08,214264395.46877453,Arizona
2023-12-09,221660030.50864786,Arizona
2023-12-10,214080830.7824276,Arizona
2023-12-11,218277792.29670215,Arizona
2023-12-12,214725942.8374222,Arizona
2023-12-13,231799689.22631183,Arizona
2023-12-14,208731425.05485305,Arizona
2023-12-15,213727004.3971139,Arizona
2023-12-16,221909725.62874332,Arizona
2023-12-17,215109597.8238258,Arizona
2023-12-18,220054886.79356,Arizona
2023-12-19,217198895.78408033,Arizona
2023-12-20,234895938.82606384,Arizona
2023-12-21,212360524.04050776,Arizona
2023-12-22,217783335.96555454,Arizona
2023-12-23,226275646.5867215,Arizona
2023-12-24,219658915.5060476,Arizona
2023-12-25,224656567.02222908,Arizona
2023-12-26,221720892.86227584,Arizona
2023-12-27,239209035.46046245,Arizona
2023-12-28,216342069.26195383,Arizona
2023-12-29,221320772.53913245,Arizona
2023-12-30,229269725.97602272,Arizona
2023-12-31,222026507.9704636,Arizona
2024-01-01,226332986.6125397,Arizona
2024-01-02,222661671.55965167,Arizona
2024-01-03,239391097.0678715,Arizona
2024-01-04,215764271.41084933,Arizona
2024-01-05,220003803.8066057,Arizona
2024-01-06,227255364.06657606,Arizona
2024-01-07,219376263.6519107,Arizona
2024-01-08,223126176.06195176,Arizona
2024-01-09,218992976.4437096,Arizona
2024-01-10,235367686.57395172,Arizona
2024-01-11,211502573.12466267,Arizona
2024-01-12,215626020.43252474,Arizona
2024-01-13,222885840.2171654,Arizona
2024-01-14,215137811.08697557,Arizona
2024-01-15,219136466.71237442,Arizona
2024-01-16,215361110.29658395,Arizona
2024-01-17,232191036.0829552,Arizona
2024-01-18,208863997.41349453,Arizona
2024-01-19,213591531.4239941,Arizona
2024-01-20,221502789.27674788,Arizona
2024-01-21,214433649.2175766,Arizona
2024-01-22,219118114.2315454,Arizona
2024-01-23,216014953.77334976,Arizona
2024-01-24,233483551.64361793,Arizona
2024-01-25,210742980.8860493,Arizona
2024-01-26,215987897.73404303,Arizona
2024-01-27,224332886.55658677,Arizona
2024-01-28,217602017.74800882,Arizona
2023-12-04,110640912.94018075,Arkansas
2023-12-05,106598365.56856081,Arkansas
2023-12-06,117508559.83542319,Arkansas
2023-12-07,105094304.62838352,Arkansas
2023-12-08,106022596.01658681,Arkansas
2023-12-09,110482688.93836825,Arkansas
2023-12-10,107214287.36167276,Arkansas
2023-12-11,109723421.33072613,Arkansas
2023-12-12,106069917.8928901,Arkansas
2023-12-13,117395047.69458306,Arkansas
2023-12-14,105408975.80398133,Arkansas
2023-12-15,106765667.20441073,Arkansas
2023-12-16,111641338.7764804,Arkansas
2023-12-17,108763028.37339614,Arkansas
2023-12-18,111624838.53385195,Arkansas
2023-12-19,108275751.35093276,Arkansas
2023-12-20,119847586.49925454,Arkansas
2023-12-21,108042722.15978907,Arkansas
2023-12-22,109509221.68716131,Arkansas
2023-12-23,114419451.6695451,Arkansas
2023-12-24,111498757.42425664,Arkansas
2023-12-25,114241750.64056928,Arkansas
2023-12-26,110700104.66482678,Arkansas
2023-12-27,122010430.23435655,Arkansas
2023-12-28,109881854.00726424,Arkansas
2023-12-29,110970947.05932477,Arkansas
2023-12-30,115460094.91734487,Arkansas
2023-12-31,112085882.50276299,Arkansas
2024-01-01,114355057.2322687,Arkansas
2024-01-02,110331975.24964732,Arkansas
2024-01-03,121166113.75271167,Arkansas
2024-01-04,108579282.29515164,Arkansas
2024-01-05,109240190.84279229,Arkansas
2024-01-06,113342476.52745718,Arkansas
2024-01-07,109632772.31518503,Arkansas
2024-01-08,111626389.86544484,Arkansas
2024-01-09,107394529.51142117,Arkansas
2024-01-10,118091606.98381267,Arkansas
2024-01-11,105442334.92872024,Arkansas
2024-01-12,106116220.5379135,Arkansas
2024-01-13,110305583.0440381,Arkansas
2024-01-14,106753674.33127365,Arkansas
2024-01-15,108970473.19741891,Arkansas
2024-01-16,105020062.74363711,Arkansas
2024-01-17,116048175.44588983,Arkansas
2024-01-18,103769537.43237461,Arkansas
2024-01-19,104842665.49116263,Arkansas
2024-01-20,109448211.72902331,Arkansas
2024-01-21,106317429.52237016,Arkansas
2024-01-22,108948321.18743595,Arkansas
2024-01-23,105393366.5332977,Arkansas
2024-01-24,116787406.63564603,Arkansas
2024-01-25,104835304.52827151,Arkansas
2024-01-26,106187027.1858026,Arkansas
2024-01-27,111016235.50453244,Arkansas
2024-01-28,108048948.8829264,Arkansas
2023-12-04,858524081.2940422,California
2023-12-05,844228968.7541988,California
2023-12-06,923262699.0057455,California
2023-12-07,815601256.3549516,California
2023-12-08,838184566.2283932,California
2023-12-09,876209263.4515109,California
2023-12-10,843817847.759672,California
2023-12-11,850955711.1033819,California
2023-12-12,838476000.2625604,California
2023-12-13,919485782.2275658,California
2023-12-14,813899153.5592306,California
2023-12-15,838591417.6390691,California
2023-12-16,878693811.3868092,California
2023-12-17,848284629.4630938,California
2023-12-18,857248172.686382,California
2023-12-19,846381428.0076442,California
2023-12-20,928741894.5867274,California
2023-12-21,824202149.0692024,California
2023-12-22,849605232.0517708,California
2023-12-23,890060302.7705195,California
2023-12-24,859634383.8755457,California
2023-12-25,868211605.9670353,California
2023-12-26,856599851.7966676,California
2023-12-27,937878217.0056432,California
2023-12-28,831950892.5377166,California
2023-12-29,855701572.0632328,California
2023-12-30,894287861.4933656,California
2023-12-31,861831550.2444832,California
2024-01-01,868276198.4197358,California
2024-01-02,854491989.6007477,California
2024-01-03,933621319.8128077,California
2024-01-04,825630783.7543389,California
2024-01-05,847463718.2316091,California
2024-01-06,884332835.4372959,California
2024-01-07,850408858.6293958,California
2024-01-08,855676663.0597783,California
2024-01-09,841038914.8538408,California
2024-01-10,919660714.5044372,California
2024-01-11,811520934.1776568,California
2024-01-12,833564428.063341,California
2024-01-13,870994658.3136263,California
2024-01-14,837962649.354526,California
2024-01-15,844423763.9358188,California
2024-01-16,831242274.7379352,California
2024-01-17,911537210.419249,California
2024-01-18,805235129.4720098,California
2024-01-19,829223958.2644697,California
2024-01-20,868647387.1935492,California
2024-01-21,837595684.7779028,California
2024-01-22,845964367.3072221,California
2024-01-23,834560640.9688295,California
2024-01-24,916451038.9713057,California
2024-01-25,811515852.8365749,California
2024-01-26,836604443.8447021,California
2024-01-27,876830883.4281476,California
2024-01-28,846265743.8516624,California
2023-12-04,175518155.4921666,Colorado
2023-12-05,173887793.01044613,Colorado
2023-12-06,188490876.36816508,Colorado
2023-12-07,168104102.40825224,Colorado
2023-12-08,173151898.22689986,Colorado
2023-12-09,178968209.8995023,Colorado
2023-12-10,175115552.56624115,Colorado
2023-12-11,176833445.2861266,Colorado
2023-12-12,175553367.6451865,Colorado
2023-12-13,190489049.5004054,Colorado
2023-12-14,170405171.18955278,Colorado
2023-12-15,175714852.59987143,Colorado
2023-12-16,181741795.69896743,Colorado
2023-12-17,178039657.5208217,Colorado
2023-12-18,179840767.40395162,Colorado
2023-12-19,178571317.0469511,Colorado
2023-12-20,193441827.77484998,Colorado
2023-12-21,173215966.995658,Colorado
2023-12-22,178308088.68541348,Colorado
2023-12-23,184045360.8466744,Colorado
2023-12-24,179987057.2253557,Colorado
2023-12-25,181373129.3121386,Colorado
2023-12-26,179639191.30356336,Colorado
2023-12-27,194006728.28096205,Colorado
2023-12-28,173251607.0436555,Colorado
2023-12-29,177801273.26246327,Colorado
2023-12-30,182996507.84822303,Colorado
2023-12-31,178410330.5944195,Colorado
2024-01-01,179296178.41904518,Colorado
2024-01-02,177102502.36164862,Colorado
2024-01-03,191062604.93708467,Colorado
2024-01-04,169962808.14795578,Colorado
2024-01-05,174239345.9005313,Colorado
2024-01-06,179239862.7114993,Colorado
2024-01-07,174542114.41163385,Colorado
2024-01-08,175402004.24954894,Colorado
2024-01-09,173268102.87723893,Colorado
2024-01-10,187371476.26886082,Colorado
2024-01-11,166493912.37106335,Colorado
2024-01-12,171064938.75545627,Colorado
2024-01-13,176423509.75399682,Colorado
2024-01-14,172136953.54063913,Colorado
2024-01-15,173449305.6263943,Colorado
2024-01-16,171796168.824359,Colorado
2024-01-17,186394914.0531638,Colorado
2024-01-18,166013302.11953175,Colorado
2024-01-19,171066907.41869986,Colorado
2024-01-20,176881210.35377175,Colorado
2024-01-21,173010937.24504143,Colorado
2024-01-22,174688762.82574204,Colorado
2024-01-23,173340504.6598624,Colorado
2024-01-24,188175614.09032518,Colorado
2024-01-25,167956035.33494487,Colorado
2024-01-26,173093806.63621983,Colorado
2024-01-27,178913264.92256317,Colorado
2024-01-28,174970429.25894976,Colorado
2023-12-04,91331812.69725855,Connecticut
2023-12-05,89095971.71770597,Connecticut
2023-12-06,95375225.82278402,Connecticut
2023-12-07,85861634.14653318,Connecticut
2023-12-08,87962036.707402,Connecticut
2023-12-09,90662713.66739053,Connecticut
2023-12-10,88438974.52646445,Connecticut
2023-12-11,90978449.8267863,Connecticut
2023-12-12,89137087.26189667,Connecticut
2023-12-13,95824855.64510943,Connecticut
2023-12-14,86720812.90776551,Connecticut
2023-12-15,89218770.12688419,Connecticut
2023-12-16,92292329.36207874,Connecticut
2023-12-17,90404839.75753559,Connecticut
2023-12-18,93233034.04091728,Connecticut
2023-12-19,91623337.54516603,Connecticut
2023-12-20,98477844.38621187,Connecticut
2023-12-21,89469609.34288384,Connecticut
2023-12-22,91988481.22610512,Connecticut
2023-12-23,95006250.88724332,Connecticut
2023-12-24,92986655.40316296,Connecticut
2023-12-25,95608999.43790792,Connecticut
2023-12-26,93724386.59117529,Connecticut
2023-12-27,100241557.8369552,Connecticut
2023-12-28,90841989.78158908,Connecticut
2023-12-29,92925484.29513888,Connecticut
2023-12-30,95475029.84870623,Connecticut
2023-12-31,92966484.47888318,Connecticut
2024-01-01,95091850.72503905,Connecticut
2024-01-02,92715145.37868339,Connecticut
2024-01-03,98757871.57749718,Connecticut
2024-01-04,88913756.49668464,Connecticut
2024-01-05,90593996.50993498,Connecticut
2024-01-06,92791799.96833436,Connecticut
2024-01-07,89991786.5523145,Connecticut
2024-01-08,91893021.53845091,Connecticut
2024-01-09,89364694.55042186,Connecticut
2024-01-10,95331455.6042324,Connecticut
2024-01-11,85488075.3775961,Connecticut
2024-01-12,87244673.55299003,Connecticut
2024-01-13,89591305.60952316,Connecticut
2024-01-14,87007465.49541447,Connecticut
2024-01-15,89185279.29768439,Connecticut
2024-01-16,86985394.65403536,Connecticut
2024-01-17,93322572.43411073,Connecticut
2024-01-18,83880640.06818621,Connecticut
2024-01-19,86058041.77219586,Connecticut
2024-01-20,88832766.64704005,Connecticut
2024-01-21,86672202.16419926,Connecticut
2024-01-22,89256677.99855131,Connecticut
2024-01-23,87435694.85582708,Connecticut
2024-01-24,94113835.07407473,Connecticut
2024-01-25,84966005.25593822,Connecticut
2024-01-26,87383237.94981465,Connecticut
2024-01-27,90337826.24816456,Connecticut
2024-01-28,88293333.0297651,Connecticut
2023-12-04,739623366.8420583,Florida
2023-12-05,730766802.8565371,Florida
2023-12-06,781764476.9609399,Florida
2023-12-07,690409464.4749613,Florida
2023-12-08,720268139.2307913,Florida
2023-12-09,738424980.1681856,Florida
2023-12-10,730334512.3784897,Florida
2023-12-11,732522440.3965113,Florida
2023-12-12,726657680.5338707,Florida
2023-12-13,780942742.5955747,Florida
2023-12-14,693081247.6935518,Florida
2023-12-15,726543890.5437921,Florida
2023-12-16,748315912.273228,Florida
2023-12-17,743751801.6994828,Florida
2023-12-18,749279206.1015884,Florida
2023-12-19,746473681.2058213,Florida
2023-12-20,803451655.503501,Florida
2023-12-21,717840324.3242458,Florida
2023-12-22,753045716.6916685,Florida
2023-12-23,776001943.342196,Florida
2023-12-24,772027295.5531832,Florida
2023-12-25,777529138.1102885,Florida
2023-12-26,774079200.1321539,Florida
2023-12-27,829806625.2095088,Florida
2023-12-28,742367495.3465949,Florida
2023-12-29,775212083.4826729,Florida
2023-12-30,795332867.0782278,Florida
2023-12-31,788119008.1193228,Florida
2024-01-01,790059289.1967232,Florida
2024-01-02,782815164.9378619,Florida
2024-01-03,834611353.5111419,Florida
2024-01-04,743202751.8189106,Florida
2024-01-05,772139002.2222693,Florida
2024-01-06,788509818.2060859,Florida
2024-01-07,777796849.020993,Florida
2024-01-08,776574145.3170125,Florida
2024-01-09,766578953.036992,Florida
2024-01-10,816100322.0427697,Florida
2024-01-11,722944366.8822601,Florida
2024-01-12,750697551.8981484,Florida
2024-01-13,766471141.7953788,Florida
2024-01-14,755752619.870095,Florida
2024-01-15,755106145.9391278,Florida
2024-01-16,746243778.9220442,Florida
2024-01-17,797414935.9727085,Florida
2024-01-18,706372899.2243608,Florida
2024-01-19,736639705.0108644,Florida
2024-01-20,755252509.4569381,Florida
2024-01-21,747617176.9038713,Florida
2024-01-22,750211100.5671577,Florida
2024-01-23,744656912.6286194,Florida
2024-01-24,799114484.751055,Florida
2024-01-25,711249958.0013613,Florida
2024-01-26,744503065.8699194,Florida
2024-01-27,765835775.9900438,Florida
2024-01-28,760587933.5580457,Florida
2023-12-04,378804319.6448406,Georgia
2023-12-05,372057095.4299851,Georgia
2023-12-06,407988409.71880037,Georgia
2023-12-07,362383796.054534,Georgia
2023-12-08,366813846.0745714,Georgia
2023-12-09,380770275.9830122,Georgia
2023-12-10,373529293.7343804,Georgia
2023-12-11,373935061.85337824,Georgia
2023-12-12,368618036.23302484,Georgia
2023-12-13,406136880.08058476,Georgia
2023-12-14,362231688.61546445,Georgia
2023-12-15,368424339.33654594,Georgia
2023-12-16,384155960.73144066,Georgia
2023-12-17,378651750.2531506,Georgia
2023-12-18,380705894.9327338,Georgia
2023-12-19,376901333.3464513,Georgia
2023-12-20,415753017.59649354,Georgia
2023-12-21,372962372.6735906,Georgia
2023-12-22,380018733.1517072,Georgia
2023-12-23,396337719.5715975,Georgia
2023-12-24,391126760.0488575,Georgia
2023-12-25,393170491.1103979,Georgia
2023-12-26,389050763.59392303,Georgia
2023-12-27,427289906.2021599,Georgia
2023-12-28,383604944.9993513,Georgia
2023-12-29,389508566.6463135,Georgia
2023-12-30,404446802.273355,Georgia
2023-12-31,397663658.3058806,Georgia
2024-01-01,397985454.6747676,Georgia
2024-01-02,392039627.5096971,Georgia
2024-01-03,428396684.1225557,Georgia
2024-01-04,382823046.6825985,Georgia
2024-01-05,386880612.30038995,Georgia
2024-01-06,400063046.97445506,Georgia
2024-01-07,391659079.738509,Georgia
2024-01-08,390535595.7764369,Georgia
2024-01-09,383355321.13767964,Georgia
2024-01-10,418717818.5843053,Georgia
2024-01-11,372411557.9698118,Georgia
2024-01-12,376012910.3750165,Georgia
2024-01-13,389022098.86380225,Georgia
2024-01-14,380726381.08212507,Georgia
2024-01-15,379983264.5798219,Georgia
2024-01-16,373438542.8046805,Georgia
2024-01-17,409667859.9567971,Georgia
2024-01-18,364429550.4667709,Georgia
2024-01-19,369264578.9143884,Georgia
2024-01-20,383633584.77184045,Georgia
2024-01-21,376781274.4912282,Georgia
2024-01-22,377520925.8477745,Georgia
2024-01-23,372453754.315971,Georgia
2024-01-24,410111810.4138274,Georgia
2024-01-25,366212114.58133954,Georgia
2024-01-26,372257817.4255426,Georgia
2024-01-27,387676354.0402366,Georgia
2024-01-28,381684802.5966606,Georgia
2023-12-04,319055926.3121621,Illinois
2023-12-05,312204169.636606,Illinois
2023-12-06,338833897.93359894,Illinois
2023-12-07,300976312.43389887,Illinois
2023-12-08,310135311.3197694,Illinois
2023-12-09,320163712.28586304,Illinois
2023-12-10,313830307.23533434,Illinois
2023-12-11,319302506.59149784,Illinois
2023-12-12,313548884.2944415,Illinois
2023-12-13,341284904.3011676,Illinois
2023-12-14,304504483.3314239,Illinois
2023-12-15,314674956.3478824,Illinois
2023-12-16,325614399.608974,Illinois
2023-12-17,320059730.4238543,Illinois
2023-12-18,326150310.57674855,Illinois
2023-12-19,320831336.54262525,Illinois
2023-12-20,348800272.73006344,Illinois
2023-12-21,312038961.9852225,Illinois
2023-12-22,322008964.0070321,Illinois
2023-12-23,332529065.7878971,Illinois
2023-12-24,326343377.9145614,Illinois
2023-12-25,331604743.96640486,Illinois
2023-12-26,325277751.9673142,Illinois
2023-12-27,352084615.33450866,Illinois
2023-12-28,314036573.8207733,Illinois
2023-12-29,322628385.92799914,Illinois
2023-12-30,331714881.70213467,Illinois
2023-12-31,324078017.76610273,Illinois
2024-01-01,327909192.2819986,Illinois
2024-01-02,320211140.7690027,Illinois
2024-01-03,345742712.8029861,Illinois
2024-01-04,306549212.3213223,Illinois
2024-01-05,314155903.95842075,Illinois
2024-01-06,322443683.08218455,Illinois
2024-01-07,314215377.13029015,Illinois
2024-01-08,317677457.9175086,Illinois
2024-01-09,309841503.41244215,Illinois
2024-01-10,335468721.6739052,Illinois
2024-01-11,296600227.0548406,Illinois
2024-01-12,304750672.9932237,Illinois
2024-01-13,313784235.40902585,Illinois
2024-01-14,306481405.2207178,Illinois
2024-01-15,311021355.3885667,Illinois
2024-01-16,304384201.9702917,Illinois
2024-01-17,331296448.65338963,Illinois
2024-01-18,293762278.1209432,Illinois
2024-01-19,303258265.06181794,Illinois
2024-01-20,313610473.43732226,Illinois
2024-01-21,307562364.12355244,Illinois
2024-01-22,313258245.89052624,Illinois
2024-01-23,307646557.6474862,Illinois
2024-01-24,335426241.6702905,Illinois
2024-01-25,298578844.07736355,Illinois
2024-01-26,308563893.73007137,Illinois
2024-01-27,319196502.6626546,Illinois
2024-01-28,313215599.35557693,Illinois
2023-12-04,222224799.9772506,Indiana
2023-12-05,215381471.53888637,Indiana
2023-12-06,234432058.10058704,Indiana
2023-12-07,209626526.02373493,Indiana
2023-12-08,212978078.62481332,Indiana
2023-12-09,220228999.06962916,Indiana
2023-12-10,218668542.47871903,Indiana
2023-12-11,220939489.85799494,Indiana
2023-12-12,214868577.84811687,Indiana
2023-12-13,234738282.41425732,Indiana
2023-12-14,210773742.6923302,Indiana
2023-12-15,214962698.13867524,Indiana
2023-12-16,223022065.12215212,Indiana
2023-12-17,222216556.77689916,Indiana
2023-12-18,225165938.00318268,Indiana
2023-12-19,219676109.72552878,Indiana
2023-12-20,240011482.0484467,Indiana
2023-12-21,216382405.97132698,Indiana
2023-12-22,220765522.653518,Indiana
2023-12-23,228870645.00234157,Indiana
2023-12-24,227959567.1491103,Indiana
2023-12-25,230653388.77913144,Indiana
2023-12-26,224763546.974472,Indiana
2023-12-27,244564017.25082123,Indiana
2023-12-28,220278458.92109388,Indiana
2023-12-29,223900172.50134644,Indiana
2023-12-30,231158495.65692228,Indiana
2023-12-31,229337047.62047505,Indiana
2024-01-01,231080425.64991376,Indiana
2024-01-02,224224564.51748297,Indiana
2024-01-03,243068240.25859725,Indiana
2024-01-04,217859513.49425492,Indiana
2024-01-05,220615000.2820398,Indiana
2024-01-06,227085616.7012351,Indiana
2024-01-07,224574225.71567824,Indiana
2024-01-08,225741806.86570343,Indiana
2024-01-09,218437374.64471647,Indiana
2024-01-10,236969139.11756793,Indiana
2024-01-11,211590713.53459638,Indiana
2024-01-12,214320263.18681324,Indiana
2024-01-13,220906244.67480266,Indiana
2024-01-14,218645163.70679992,Indiana
2024-01-15,220187968.1702566,Indiana
2024-01-16,213370295.27871543,Indiana
2024-01-17,232484056.2532043,Indiana
2024-01-18,207764150.46299794,Indiana
2024-01-19,211208188.08555973,Indiana
2024-01-20,218542853.36687642,Indiana
2024-01-21,217042318.1037478,Indiana
2024-01-22,219335302.7354125,Indiana
2024-01-23,213235984.19346344,Indiana
2024-01-24,233016214.5959199,Indiana
2024-01-25,208892824.17269033,Indiana
2024-01-26,212847870.32619897,Indiana
2024-01-27,220595449.62373468,Indiana
2024-01-28,219400469.3752912,Indiana
2023-12-04,115947498.39483728,Iowa
2023-12-05,113426973.97326906,Iowa
2023-12-06,122989033.2683665,Iowa
2023-12-07,108339249.85560204,Iowa
2023-12-08,112270011.02291746,Iowa
2023-12-09,116365758.65477102,Iowa
2023-12-10,113268305.85213062,Iowa
2023-12-11,115644651.93587972,Iowa
2023-12-12,113468497.610376,Iowa
2023-12-13,123388562.4404147,Iowa
2023-12-14,109098911.14885125,Iowa
2023-12-15,113380330.63902941,Iowa
2023-12-16,117805915.47438477,Iowa
2023-12-17,115006720.47223817,Iowa
2023-12-18,117639893.35307364,Iowa
2023-12-19,115670480.0824944,Iowa
2023-12-20,125739996.74431294,Iowa
2023-12-21,111536967.19956759,Iowa
2023-12-22,115838462.45314263,Iowa
2023-12-23,120215794.91332988,Iowa
2023-12-24,117300223.22015686,Iowa
2023-12-25,119751079.2455076,Iowa
2023-12-26,117537510.24592194,Iowa
2023-12-27,127306932.01157439,Iowa
2023-12-28,112755395.87494345,Iowa
2023-12-29,116668910.59994696,Iowa
2023-12-30,120628878.7794187,Iowa
2023-12-31,117277511.00622353,Iowa
2024-01-01,119285637.94359928,Iowa
2024-01-02,116634122.4714105,Iowa
2024-01-03,125981977.36306152,Iowa
2024-01-04,111036401.09635659,Iowa
2024-01-05,114593782.409945,Iowa
2024-01-06,118244842.39445338,Iowa
2024-01-07,114639785.85253352,Iowa
2024-01-08,116455889.58762707,Iowa
2024-01-09,113678736.17805691,Iowa
2024-01-10,122970203.7386466,Iowa
2024-01-11,108038427.84274319,Iowa
2024-01-12,111678788.20880361,Iowa
2024-01-13,115479089.30199775,Iowa
2024-01-14,112084805.30960931,Iowa
2024-01-15,114166814.27530177,Iowa
2024-01-16,111702825.56742455,Iowa
2024-01-17,121345605.41967319,Iowa
2024-01-18,106793209.74601199,Iowa
2024-01-19,110830268.8577671,Iowa
2024-01-20,115033484.48653315,Iowa
2024-01-21,112037200.31010586,Iowa
2024-01-22,114501461.25860876,Iowa
2024-01-23,112393756.2990247,Iowa
2024-01-24,122357540.26671939,Iowa
2024-01-25,108082735.34469996,Iowa
2024-01-26,112347249.03944181,Iowa
2024-01-27,116722662.3195589,Iowa
2024-01-28,113839943.61614223,Iowa
2023-12-04,91425473.3501755,Kansas
2023-12-05,88960912.04260944,Kansas
2023-12-06,96445409.50391337,Kansas
2023-12-07,86238231.39709313,Kansas
2023-12-08,88158645.92849192,Kansas
2023-12-09,90740172.1896158,Kansas
2023-12-10,89199599.55985025,Kansas
2023-12-11,91204168.0729482,Kansas
2023-12-12,89100990.33091971,Kansas
2023-12-13,96961246.04415609,Kansas
2023-12-14,87132376.5818873,Kansas
2023-12-15,89421687.35810603,Kansas
2023-12-16,92350945.92933334,Kansas
2023-12-17,91125744.63897048,Kansas
2023-12-18,93403007.86534221,Kansas
2023-12-19,91520715.10053304,Kansas
2023-12-20,99542362.33647658,Kansas
2023-12-21,89809381.53929651,Kansas
2023-12-22,92124919.65093224,Kansas
2023-12-23,95008560.00352345,Kansas
2023-12-24,93665751.52887104,Kansas
2023-12-25,95755323.99907154,Kansas
2023-12-26,93619160.38890985,Kansas
2023-12-27,101326550.38105762,Kansas
2023-12-28,91226447.97709033,Kansas
2023-12-29,93131039.37521113,Kansas
2023-12-30,95570210.12701574,Kansas
2023-12-31,93760684.30432849,Kansas
2024-01-01,95373222.27624243,Kansas
2024-01-02,92761957.3163935,Kansas
2024-01-03,100008404.70059143,Kansas
2024-01-04,89473376.1233652,Kansas
2024-01-05,90980215.40636943,Kansas
2024-01-06,93068953.98572013,Kansas
2024-01-07,90965167.77681683,Kansas
2024-01-08,92346930.02439909,Kansas
2024-01-09,89573947.27547655,Kansas
2024-01-10,96731417.7689869,Kansas
2024-01-11,86181849.26019672,Kansas
2024-01-12,87748254.88141169,Kansas
2024-01-13,89968326.52161564,Kansas
2024-01-14,88063366.66206814,Kansas
2024-01-15,89705370.97720811,Kansas
2024-01-16,87246344.9771508,Kansas
2024-01-17,94762388.67109598,Kansas
2024-01-18,84605779.66182795,Kansas
2024-01-19,86588465.56219704,Kansas
2024-01-20,89236556.62757546,Kansas
2024-01-21,87759590.3238651,Kansas
2024-01-22,89817950.55933288,Kansas
2024-01-23,87752515.18857078,Kansas
2024-01-24,95629056.29192458,Kansas
2024-01-25,85790614.62535805,Kansas
2024-01-26,88041250.83846891,Kansas
2024-01-27,90900757.01693746,Kansas
2024-01-28,89574094.09736244,Kansas
2023-12-04,173055088.26159033,Kentucky
2023-12-05,166997561.95562834,Kentucky
2023-12-06,183264480.38821736,Kentucky
2023-12-07,163230330.18231514,Kentucky
2023-12-08,165438531.7062616,Kentucky
2023-12-09,169876059.09507555,Kentucky
2023-12-10,167296361.59501293,Kentucky
2023-12-11,170856320.2704242,Kentucky
2023-12-12,165411787.4796309,Kentucky
2023-12-13,182355304.81221044,Kentucky
2023-12-14,163041247.69482183,Kentucky
2023-12-15,165991686.23128352,Kentucky
2023-12-16,171171618.06850064,Kentucky
2023-12-17,169312517.96033716,Kentucky
2023-12-18,173549920.1923243,Kentucky
2023-12-19,168719563.53032297,Kentucky
2023-12-20,186195677.2751129,Kentucky
2023-12-21,167316640.63854393,Kentucky
2023-12-22,170591290.59069598,Kentucky
2023-12-23,175974521.53005344,Kentucky
2023-12-24,174191111.34073496,Kentucky
2023-12-25,178373482.49840114,Kentucky
2023-12-26,173357923.20772344,Kentucky
2023-12-27,190522845.41090158,Kentucky
2023-12-28,171214313.1263868,Kentucky
2023-12-29,173952120.44519246,Kentucky
2023-12-30,178705069.52720097,Kentucky
2023-12-31,176214392.745399,Kentucky
2024-01-01,179631039.54740304,Kentucky
2024-01-02,173811366.8830754,Kentucky
2024-01-03,190154825.47308022,Kentucky
2024-01-04,170028891.9224192,Kentucky
2024-01-05,171974543.18898267,Kentucky
2024-01-06,175980941.0688168,Kentucky
2024-01-07,172808287.80647054,Kentucky
2024-01-08,175624589.5149903,Kentucky
2024-01-09,169300881.0597006,Kentucky
2024-01-10,185248517.7584854,Kentucky
2024-01-11,164843794.8792331,Kentucky
2024-01-12,166633200.0120108,Kentucky
2024-01-13,170607971.8965512,Kentucky
2024-01-14,167526929.92429605,Kentucky
2024-01-15,170553311.21705067,Kentucky
2024-01-16,164550166.27310938,Kentucky
2024-01-17,180917913.0667968,Kentucky
2024-01-18,161019302.48797068,Kentucky
2024-01-19,163385089.71607393,Kentucky
2024-01-20,167989072.55111003,Kentucky
2024-01-21,165571446.65925655,Kentucky
2024-01-22,169276199.08732834,Kentucky
2024-01-23,163947074.65958682,Kentucky
2024-01-24,180965698.41606623,Kentucky
2024-01-25,161677090.38379344,Kentucky
2024-01-26,164595851.3003465,Kentucky
2024-01-27,169681665.41395763,Kentucky
2024-01-28,167663056.9302572,Kentucky
2023-12-04,183646702.3238099,Louisiana
2023-12-05,181402571.37863013,Louisiana
2023-12-06,196192363.29340503,Louisiana
2023-12-07,174998968.3154994,Louisiana
2023-12-08,178993518.2089807,Louisiana
2023-12-09,186141043.9225296,Louisiana
2023-12-10,178688771.72087976,Louisiana
2023-12-11,181544144.41779658,Louisiana
2023-12-12,179721817.1292538,Louisiana
2023-12-13,194989744.42766887,Louisiana
2023-12-14,174315331.5504029,Louisiana
2023-12-15,178853055.94817078,Louisiana
2023-12-16,186550627.3757093,Louisiana
2023-12-17,179637802.68846554,Louisiana
2023-12-18,183004926.85685742,Louisiana
2023-12-19,181650434.53066593,Louisiana
2023-12-20,197327414.4171974,Louisiana
2023-12-21,176990195.4010179,Louisiana
2023-12-22,181782348.2510271,Louisiana
2023-12-23,189643160.31564182,Louisiana
2023-12-24,182796690.51743868,Louisiana
2023-12-25,186130469.4998583,Louisiana
2023-12-26,184643074.98652235,Louisiana
2023-12-27,200090682.83991617,Louisiana
2023-12-28,179433553.5162764,Louisiana
2023-12-29,183823851.041704,Louisiana
2023-12-30,191211857.60323521,Louisiana
2023-12-31,183834698.99130172,Louisiana
2024-01-01,186594655.6795256,Louisiana
2024-01-02,184506301.23340088,Louisiana
2024-01-03,199342581.53505242,Louisiana
2024-01-04,178080808.49659434,Louisiana
2024-01-05,181889979.93613592,Louisiana
2024-01-06,188736503.40025032,Louisiana
2024-01-07,180872453.57482907,Louisiana
2024-01-08,183213451.77180472,Louisiana
2024-01-09,180785421.77684182,Louisiana
2024-01-10,195370346.67044124,Louisiana
2024-01-11,173952009.6259144,Louisiana
2024-01-12,177703137.62559888,Louisiana
2024-01-13,184591030.8743885,Louisiana
2024-01-14,176865810.13364086,Louisiana
2024-01-15,179438370.55381325,Louisiana
2024-01-16,177327293.90009624,Louisiana
2024-01-17,192304838.975515,Louisiana
2024-01-18,171342986.1706024,Louisiana
2024-01-19,175600945.94609877,Louisiana
2024-01-20,183031203.10355505,Louisiana
2024-01-21,175868216.6761778,Louisiana
2024-01-22,179006850.52324903,Louisiana
2024-01-23,177449772.32143316,Louisiana
2024-01-24,192953926.26902694,Louisiana
2024-01-25,172477041.07613704,Louisiana
2024-01-26,177165569.2515822,Louisiana
2024-01-27,184961116.7045134,Louisiana
2024-01-28,178089470.9970594,Louisiana
2023-12-04,48179449.87497819,Maine
2023-12-05,46805377.79072568,Maine
2023-12-06,50444775.97561829,Maine
2023-12-07,45802123.763008274,Maine
2023-12-08,47236413.62206098,Maine
2023-12-09,49131944.10551128,Maine
2023-12-10,48195771.03226333,Maine
2023-12-11,48387891.055091165,Maine
2023-12-12,47142914.35234616,Maine
2023-12-13,50911503.33589814,Maine
2023-12-14,46394112.0208238,Maine
2023-12-15,47945845.62539892,Maine
2023-12-16,49947367.58016631,Maine
2023-12-17,49102455.83241962,Maine
2023-12-18,49368279.61812391,Maine
2023-12-19,48177150.84574808,Maine
2023-12-20,51978024.84459529,Maine
2023-12-21,47470283.4969645,Maine
2023-12-22,49008619.253225006,Maine
2023-12-23,50973946.72097115,Maine
2023-12-24,50070943.818884484,Maine
2023-12-25,50258294.35337375,Maine
2023-12-26,48970387.40645729,Maine
2023-12-27,52658750.04552801,Maine
2023-12-28,48025748.59144738,Maine
2023-12-29,49429379.54891634,Maine
2023-12-30,51254079.80373782,Maine
2023-12-31,50208161.20822651,Maine
2024-01-01,50253944.668604665,Maine
2024-01-02,48829352.402114,Maine
2024-01-03,52389238.08272193,Maine
2024-01-04,47638993.15132729,Maine
2024-01-05,48939253.17723286,Maine
2024-01-06,50676636.31937249,Maine
2024-01-07,49561121.04339868,Maine
2024-01-08,49556139.77687684,Maine
2024-01-09,48100148.22728709,Maine
2024-01-10,51647950.60079431,Maine
2024-01-11,46904318.96589555,Maine
2024-01-12,48228730.07150666,Maine
2024-01-13,50006150.56596796,Maine
2024-01-14,48944476.18356933,Maine
2024-01-15,49004699.55358994,Maine
2024-01-16,47622563.9575705,Maine
2024-01-17,51249980.57444816,Maine
2024-01-18,46588744.54530151,Maine
2024-01-19,47995370.12902543,Maine
2024-01-20,49851972.824495845,Maine
2024-01-21,48863801.01564302,Maine
2024-01-22,48989488.935523406,Maine
2024-01-23,47662785.65393056,Maine
2024-01-24,51334035.32378866,Maine
2024-01-25,46703942.09784849,Maine
2024-01-26,48128438.50953772,Maine
2024-01-27,49989584.20084439,Maine
2024-01-28,48993097.07546399,Maine
2023-12-04,163284442.83506593,Maryland
2023-12-05,158727526.44490105,Maryland
2023-12-06,171465314.95782632,Maryland
2023-12-07,153819824.3051897,Maryland
2023-12-08,156334111.27962068,Maryland
2023-12-09,161601674.16278785,Maryland
2023-12-10,160642802.64339212,Maryland
2023-12-11,161715422.64825848,Maryland
2023-12-12,157779825.05060795,Maryland
2023-12-13,171188454.19850162,Maryland
2023-12-14,154243124.60686076,Maryland
2023-12-15,157465890.7167955,Maryland
2023-12-16,163429045.63370076,Maryland
2023-12-17,163132071.82600898,Maryland
2023-12-18,164813072.50000253,Maryland
2023-12-19,161414056.18427074,Maryland
2023-12-20,175271234.97157073,Maryland
2023-12-21,158672690.63525292,Maryland
2023-12-22,162129621.16325745,Maryland
2023-12-23,168206633.36389336,Maryland
2023-12-24,167898896.657889,Maryland
2023-12-25,169443681.50225696,Maryland
2023-12-26,165785652.45212597,Maryland
2023-12-27,179267076.5770477,Maryland
2023-12-28,162185304.5007735,Maryland
2023-12-29,165063742.33888763,Maryland
2023-12-30,170481788.43181524,Maryland
2023-12-31,169451560.49015436,Maryland
2024-01-01,170228949.0630202,Maryland
2024-01-02,165778381.38752443,Maryland
2024-01-03,178462471.5811521,Maryland
2024-01-04,160598930.4366974,Maryland
2024-01-05,162730969.377983,Maryland
2024-01-06,167456688.5820955,Maryland
2024-01-07,165805290.3619927,Maryland
2024-01-08,166047668.1284029,Maryland
2024-01-09,161160767.91914356,Maryland
2024-01-10,173516909.55148852,Maryland
2024-01-11,155440449.60343817,Maryland
2024-01-12,157478027.3366949,Maryland
2024-01-13,162227887.5520844,Maryland
2024-01-14,160716122.78670004,Maryland
2024-01-15,161207383.7868711,Maryland
2024-01-16,156669451.21929395,Maryland
2024-01-17,169462849.127398,Maryland
2024-01-18,151897873.47332355,Maryland
2024-01-19,154505265.95546508,Maryland
2024-01-20,159866014.43568283,Maryland
2024-01-21,158988108.3656795,Maryland
2024-01-22,160117783.16984612,Maryland
2024-01-23,156204631.04752922,Maryland
2024-01-24,169591743.12845638,Maryland
2024-01-25,152573241.11647648,Maryland
2024-01-26,155665414.21482727,Maryland
2024-01-27,161436929.48402163,Maryland
2024-01-28,160885932.42920336,Maryland
2023-12-04,188246457.5891673,Massachusetts
2023-12-05,184150884.8221089,Massachusetts
2023-12-06,196446799.00794196,Massachusetts
2023-12-07,178147221.64976197,Massachusetts
2023-12-08,183382904.64227343,Massachusetts
2023-12-09,190485293.7779992,Massachusetts
2023-12-10,185339400.68191096,Massachusetts
2023-12-11,188032678.4243818,Massachusetts
2023-12-12,184542057.96852562,Massachusetts
2023-12-13,197459362.27807015,Massachusetts
2023-12-14,179777592.55529064,Massachusetts
2023-12-15,185607606.35658967,Massachusetts
2023-12-16,193261668.25092128,Massachusetts
2023-12-17,188606885.12627175,Massachusetts
2023-12-18,191714605.1821029,Massachusetts
2023-12-19,188547922.77931628,Massachusetts
2023-12-20,201687492.63926542,Massachusetts
2023-12-21,184118136.55699024,Massachusetts
2023-12-22,189945753.42235556,Massachusetts
2023-12-23,197481006.85792446,Massachusetts
2023-12-24,192592798.99862018,Massachusetts
2023-12-25,195357608.7356096,Massachusetts
2023-12-26,191746838.76313233,Massachusetts
2023-12-27,204352379.88980737,Massachusetts
2023-12-28,186172883.40580526,Massachusetts
2023-12-29,191330262.34733203,Massachusetts
2023-12-30,198152908.1434844,Massachusetts
2023-12-31,192528645.1079305,Massachusetts
2024-01-01,194553516.3983337,Massachusetts
2024-01-02,190218561.98438886,Massachusetts
2024-01-03,202134813.73062035,Massachusetts
2024-01-04,183319014.9784361,Massachusetts
2024-01-05,187909601.5357249,Massachusetts
2024-01-06,194249445.63062218,Massachusetts
2024-01-07,188238398.93551198,Massachusetts
2024-01-08,189981740.10956305,Massachusetts
2024-01-09,185476697.06412062,Massachusetts
2024-01-10,197337276.28941354,Massachusetts
2024-01-11,178579911.2207724,Massachusetts
2024-01-12,183339468.3822414,Massachusetts
2024-01-13,189952111.88311285,Massachusetts
2024-01-14,184308058.6180937,Massachusetts
2024-01-15,186500323.20112187,Massachusetts
2024-01-16,182511613.95577815,Massachusetts
2024-01-17,194939601.2113462,Massachusetts
2024-01-18,176783056.91887924,Massachusetts
2024-01-19,182158389.8632524,Massachusetts
2024-01-20,189383061.51113752,Massachusetts
2024-01-21,184328898.69008937,Massachusetts
2024-01-22,187071385.82140955,Massachusetts
2024-01-23,183577082.0453614,Massachusetts
2024-01-24,196429369.2909709,Massachusetts
2024-01-25,178615016.32958472,Massachusetts
2024-01-26,184241070.74393025,Massachusetts
2024-01-27,191618553.4881892,Massachusetts
2024-01-28,186615964.15141118,Massachusetts
2023-12-04,290891764.1570387,Michigan
2023-12-05,283068892.2748608,Michigan
2023-12-06,307860253.540712,Michigan
2023-12-07,273385049.6824497,Michigan
2023-12-08,279842274.99587506,Michigan
2023-12-09,288829628.7190155,Michigan
2023-12-10,288335972.2968904,Michigan
2023-12-11,290822632.58722144,Michigan
2023-12-12,283916811.9494226,Michigan
2023-12-13,309646447.98121536,Michigan
2023-12-14,276100929.2618352,Michigan
2023-12-15,283449772.9155565,Michigan
2023-12-16,293262396.61953086,Michigan
2023-12-17,293501393.8613657,Michigan
2023-12-18,296604590.2222773,Michigan
2023-12-19,290179120.3933872,Michigan
2023-12-20,316236850.08759975,Michigan
2023-12-21,282855533.75531316,Michigan
2023-12-22,290197802.0512618,Michigan
2023-12-23,299831103.70501804,Michigan
2023-12-24,299721006.74027693,Michigan
2023-12-25,302313137.14565086,Michigan
2023-12-26,295226999.1959024,Michigan
2023-12-27,320491010.0737518,Michigan
2023-12-28,286203151.9266747,Michigan
2023-12-29,292549350.88271797,Michigan
2023-12-30,301122726.14583313,Michigan
2023-12-31,299916134.9054588,Michigan
2024-01-01,301403313.67865646,Michigan
2024-01-02,293231883.83487386,Michigan
2024-01-03,317457577.87312245,Michigan
2024-01-04,282204113.1581342,Michigan
2024-01-05,287680845.19038534,Michigan
2024-01-06,295501364.40081567,Michigan
2024-01-07,293675480.7992414,Michigan
2024-01-08,294689912.8841837,Michigan
2024-01-09,286200961.0958284,Michigan
2024-01-10,310268531.31476915,Michigan
2024-01-11,275015940.1987352,Michigan
2024-01-12,280647635.5453396,Michigan
2024-01-13,288767992.79669726,Michigan
2024-01-14,287373625.2608256,Michigan
2024-01-15,288934514.0314989,Michigan
2024-01-16,281087224.12814146,Michigan
2024-01-17,305869555.66670555,Michigan
2024-01-18,271381042.7477419,Michigan
2024-01-19,277801412.29187196,Michigan
2024-01-20,286710141.75597465,Michigan
2024-01-21,286079530.5546553,Michigan
2024-01-22,288356568.51834524,Michigan
2024-01-23,281156846.02555555,Michigan
2024-01-24,306499834.1464378,Michigan
2024-01-25,272469929.0061918,Michigan
2024-01-26,279235356.6638944,Michigan
2024-01-27,288368064.49821657,Michigan
2024-01-28,287837004.351716,Michigan
2023-12-04,157527705.74548563,Minnesota
2023-12-05,153151848.14888266,Minnesota
2023-12-06,165419423.2997961,Minnesota
2023-12-07,147391190.46681693,Minnesota
2023-12-08,152011204.48908317,Minnesota
2023-12-09,155490683.1988099,Minnesota
2023-12-10,155270209.029496,Minnesota
2023-12-11,157872495.50116125,Minnesota
2023-12-12,153954124.57404387,Minnesota
2023-12-13,166687832.48631623,Minnesota
2023-12-14,149118002.37927818,Minnesota
2023-12-15,154172515.88772693,Minnesota
2023-12-16,158047112.3127732,Minnesota
2023-12-17,158168058.90405458,Minnesota
2023-12-18,161045349.24090493,Minnesota
2023-12-19,157324823.1478702,Minnesota
2023-12-20,170170774.7089264,Minnesota
2023-12-21,152621697.45257947,Minnesota
2023-12-22,157602311.74097118,Minnesota
2023-12-23,161308018.1168263,Minnesota
2023-12-24,161167577.69167584,Minnesota
2023-12-25,163696236.59759745,Minnesota
2023-12-26,159547690.4427276,Minnesota
2023-12-27,171896460.22220808,Minnesota
2023-12-28,153793335.88109663,Minnesota
2023-12-29,158177041.70075813,Minnesota
2023-12-30,161258278.1466037,Minnesota
2023-12-31,160481953.5566317,Minnesota
2024-01-01,162379836.04681155,Minnesota
2024-01-02,157622035.5766804,Minnesota
2024-01-03,169398901.87876397,Minnesota
2024-01-04,150776008.52116394,Minnesota
2024-01-05,154705390.76149654,Minnesota
2024-01-06,157409204.33313456,Minnesota
2024-01-07,156341629.70019147,Minnesota
2024-01-08,158041261.6458623,Minnesota
2024-01-09,153182401.68022308,Minnesota
2024-01-10,164956844.35598767,Minnesota
2024-01-11,146428830.83375955,Minnesota
2024-01-12,150546338.0320769,Minnesota
2024-01-13,153524868.7704001,Minnesota
2024-01-14,152809563.35841563,Minnesota
2024-01-15,154927866.1839756,Minnesota
2024-01-16,150541156.44264704,Minnesota
2024-01-17,162826923.9650928,Minnesota
2024-01-18,144834151.87132102,Minnesota
2024-01-19,149495061.63443178,Minnesota
2024-01-20,153009372.44811362,Minnesota
2024-01-21,152806881.47490042,Minnesota
2024-01-22,155400584.69557792,Minnesota
2024-01-23,151438734.1217938,Minnesota
2024-01-24,164087399.79236823,Minnesota
2024-01-25,146386186.95243615,Minnesota
2024-01-26,151260254.21037492,Minnesota
2024-01-27,154904776.6003472,Minnesota
2024-01-28,154747654.21625313,Minnesota
2023-12-04,129658050.25614671,Mississippi
2023-12-05,132989958.48554681,Mississippi
2023-12-06,129681178.38329422,Mississippi
2023-12-07,133254526.77351537,Mississippi
2023-12-08,132682654.18411216,Mississippi
2023-12-09,133401980.47756797,Mississippi
2023-12-10,127566859.17249441,Mississippi
2023-12-11,127766583.29843873,Mississippi
2023-12-12,131467457.78940143,Mississippi
2023-12-13,128577956.69400847,Mississippi
2023-12-14,132614334.13993728,Mississippi
2023-12-15,132541711.89302997,Mississippi
2023-12-16,133788178.04606114,Mississippi
2023-12-17,128499133.69316715,Mississippi
2023-12-18,129254495.88466166,Mississippi
2023-12-19,133510976.94538143,Mississippi
2023-12-20,131167453.2679047,Mississippi
2023-12-21,135730787.24879372,Mississippi
2023-12-22,136157119.9725019,Mississippi
2023-12-23,137866164.11884034,Mississippi
2023-12-24,132995729.19868946,Mississippi
2023-12-25,134119083.09571567,Mississippi
2023-12-26,138687366.22572005,Mississippi
2023-12-27,136595068.2972719,Mississippi
2023-12-28,141345928.93488005,Mississippi
2023-12-29,141894278.14427385,Mississippi
2023-12-30,143659345.28678823,Mississippi
2023-12-31,138779768.69201458,Mississippi
2024-01-01,139830910.7328235,Mississippi
2024-01-02,144267196.31504223,Mississippi
2024-01-03,141987487.14526922,Mississippi
2024-01-04,146500856.08649576,Mississippi
2024-01-05,146767781.20820203,Mississippi
2024-01-06,148214292.2983516,Mississippi
2024-01-07,142986306.42402264,Mississippi
2024-01-08,143666762.0540419,Mississippi
2024-01-09,147717774.48625857,Mississippi
2024-01-10,145045829.70290262,Mississippi
2024-01-11,149167385.56464052,Mississippi
2024-01-12,149049904.26689744,Mississippi
2024-01-13,150125852.7473977,Mississippi
2024-01-14,144546911.05381736,Mississippi
2024-01-15,144901001.02417502,Mississippi
2024-01-16,148654360.20757076,Mississippi
2024-01-17,145716679.63329494,Mississippi
2024-01-18,149606675.09099427,Mississippi
2024-01-19,149293115.85953638,Mississippi
2024-01-20,150208846.86151204,Mississippi
2024-01-21,144505042.84803575,Mississippi
2024-01-22,144768304.92251554,Mississippi
2024-01-23,148462821.71797028,Mississippi
2024-01-24,145495610.73775217,Mississippi
2024-01-25,149382206.03875142,Mississippi
2024-01-26,149087812.43156666,Mississippi
2024-01-27,150041458.24614576,Mississippi
2024-01-28,144390381.29086155,Mississippi
2023-12-04,196154710.9367338,Missouri
2023-12-05,190002873.64838457,Missouri
2023-12-06,206765175.95093977,Missouri
2023-12-07,184955548.89229947,Missouri
2023-12-08,188433673.16120034,Missouri
2023-12-09,195399380.32555002,Missouri
2023-12-10,192963165.39383164,Missouri
2023-12-11,195998357.28543895,Missouri
2023-12-12,190632237.8189934,Missouri
2023-12-13,208200431.98815477,Missouri
2023-12-14,187192288.3941382,Missouri
2023-12-15,191442832.5798324,Missouri
2023-12-16,199127879.56363088,Missouri
2023-12-17,197335239.46860433,Missouri
2023-12-18,200917543.10031313,Missouri
2023-12-19,195983959.45999798,Missouri
2023-12-20,213855110.9747375,Missouri
2023-12-21,193008890.4423862,Missouri
2023-12-22,197272750.1053451,Missouri
2023-12-23,204819039.703502,Missouri
2023-12-24,202736321.1081079,Missouri
2023-12-25,205882183.41775,Missouri
2023-12-26,200374830.9406759,Missouri
2023-12-27,217547753.6655775,Missouri
2023-12-28,195895191.3157471,Missouri
2023-12-29,199263971.55973834,Missouri
2023-12-30,205848312.16272467,Missouri
2023-12-31,202760530.0050815,Missouri
2024-01-01,204883198.1383711,Missouri
2024-01-02,198360042.04220736,Missouri
2024-01-03,214549904.353164,Missouri
2024-01-04,191971509.18467453,Missouri
2024-01-05,194494626.42601448,Missouri
2024-01-06,200334244.84050325,Missouri
2024-01-07,196620714.60788965,Missouri
2024-01-08,198251416.3803871,Missouri
2024-01-09,191381261.6416552,Missouri
2024-01-10,207376364.61390716,Missouri
2024-01-11,184758624.84326214,Missouri
2024-01-12,187396825.67991784,Missouri
2024-01-13,193500858.9874583,Missouri
2024-01-14,190192034.89335078,Missouri
2024-01-15,192355028.5246306,Missouri
2024-01-16,186128760.2641516,Missouri
2024-01-17,202860538.6228679,Missouri
2024-01-18,181051191.1477371,Missouri
2024-01-19,184546772.70317644,Missouri
2024-01-20,191533443.87502787,Missouri
2024-01-21,189108459.52478278,Missouri
2024-01-22,192132799.99254012,Missouri
2024-01-23,186722721.9363504,Missouri
2024-01-24,204204538.81472743,Missouri
2024-01-25,183060338.34045097,Missouri
2024-01-26,187120209.6711194,Missouri
2024-01-27,194557558.49542925,Missouri
2024-01-28,192460437.85162386,Missouri
2023-12-04,63820666.24475176,Nebraska
2023-12-05,64052980.82203772,Nebraska
2023-12-06,63003969.854459874,Nebraska
2023-12-07,64772329.4562304,Nebraska
2023-12-08,64471742.636695184,Nebraska
2023-12-09,64963635.55453503,Nebraska
2023-12-10,63022389.67729314,Nebraska
2023-12-11,64288759.06871516,Nebraska
2023-12-12,64908424.59357176,Nebraska
2023-12-13,64252375.58633961,Nebraska
2023-12-14,66411151.73183625,Nebraska
2023-12-15,66490264.05679568,Nebraska
2023-12-16,67343146.7270077,Nebraska
2023-12-17,65736560.93461014,Nebraska
2023-12-18,67304195.16046724,Nebraska
2023-12-19,68185388.88501643,Nebraska
2023-12-20,67745665.92530806,Nebraska
2023-12-21,70071106.24406819,Nebraska
2023-12-22,70263871.79769027,Nebraska
2023-12-23,71175235.44671331,Nebraska
2023-12-24,69571032.27410617,Nebraska
2023-12-25,71085276.44090216,Nebraska
2023-12-26,71858870.31107898,Nebraska
2023-12-27,71260092.50415441,Nebraska
2023-12-28,73378895.00939347,Nebraska
2023-12-29,73322326.98836087,Nebraska
2023-12-30,73947437.06252515,Nebraska
2023-12-31,72026576.84205902,Nebraska
2024-01-01,73200852.7788959,Nebraska
2024-01-02,73618657.46449804,Nebraska
2024-01-03,72655971.73364854,Nebraska
2024-01-04,74410472.59740235,Nebraska
2024-01-05,73996769.5744446,Nebraska
2024-01-06,74279126.07961875,Nebraska
2024-01-07,72036593.27621917,Nebraska
2024-01-08,72916307.78936121,Nebraska
2024-01-09,73071888.26401414,Nebraska
2024-01-10,71883625.43913653,Nebraska
2024-01-11,73452503.43242899,Nebraska
2024-01-12,72895376.76879092,Nebraska
2024-01-13,73077661.02046433,Nebraska
2024-01-14,70778464.89199811,Nebraska
2024-01-15,71643914.78689767,Nebraska
2024-01-16,71825605.70783043,Nebraska
2024-01-17,70700871.29762957,Nebraska
2024-01-18,72366908.17575271,Nebraska
2024-01-19,71936075.96480928,Nebraska
2024-01-20,72268727.22973198,Nebraska
2024-01-21,70138491.11634845,Nebraska
2024-01-22,71185757.39461681,Nebraska
2024-01-23,71556290.26487985,Nebraska
2024-01-24,70621660.20492011,Nebraska
2024-01-25,72473524.57419488,Nebraska
2024-01-26,72219074.1450683,Nebraska
2024-01-27,72713995.88812515,Nebraska
2024-01-28,70727872.33783285,Nebraska
2023-12-04,101066447.70630936,Nevada
2023-12-05,98875675.08166267,Nevada
2023-12-06,107344661.67374377,Nevada
2023-12-07,94792478.07666644,Nevada
2023-12-08,97789259.40997972,Nevada
2023-12-09,101364766.16414848,Nevada
2023-12-10,97759682.83713381,Nevada
2023-12-11,99844955.97995809,Nevada
2023-12-12,97894004.09478103,Nevada
2023-12-13,106630275.46643823,Nevada
2023-12-14,94365102.40586627,Nevada
2023-12-15,97660345.98217443,Nevada
2023-12-16,101537200.37309426,Nevada
2023-12-17,98227741.7375732,Nevada
2023-12-18,100594515.99547851,Nevada
2023-12-19,98902990.77541791,Nevada
2023-12-20,107869340.68227233,Nevada
2023-12-21,95798507.88592859,Nevada
2023-12-22,99247026.26935478,Nevada
2023-12-23,103231973.22919267,Nevada
2023-12-24,99982629.94345738,Nevada
2023-12-25,102360141.46081759,Nevada
2023-12-26,100629999.98938042,Nevada
2023-12-27,109509819.84667306,Nevada
2023-12-28,97307346.5961638,Nevada
2023-12-29,100583190.32352948,Nevada
2023-12-30,104359650.0026562,Nevada
2023-12-31,100872213.67282614,Nevada
2024-01-01,102989030.62962253,Nevada
2024-01-02,100983184.6438068,Nevada
2024-01-03,109580242.93720515,Nevada
2024-01-04,97096030.14840424,Nevada
2024-01-05,100099124.19683982,Nevada
2024-01-06,103619447.9918704,Nevada
2024-01-07,99899548.54334676,Nevada
2024-01-08,101813866.15124696,Nevada
2024-01-09,99640828.61188671,Nevada
2024-01-10,108110250.37234953,Nevada
2024-01-11,95540990.19480754,Nevada
2024-01-12,98503367.56951249,Nevada
2024-01-13,102027714.05859303,Nevada
2024-01-14,98355652.20460957,Nevada
2024-01-15,100359404.56785254,Nevada
2024-01-16,98313966.5345683,Nevada
2024-01-17,106944620.3845059,Nevada
2024-01-18,94564740.66516414,Nevada
2024-01-19,97738386.62754658,Nevada
2024-01-20,101489052.58504917,Nevada
2024-01-21,98051162.82947774,Nevada
2024-01-22,100289607.16399963,Nevada
2024-01-23,98472143.87906758,Nevada
2024-01-24,107317140.7331012,Nevada
2024-01-25,95131597.14859489,Nevada
2024-01-26,98473936.83725496,Nevada
2024-01-27,102362935.658965,Nevada
2024-01-28,99029365.95815417,Nevada
2023-12-04,56298660.08152353,New Hampshire
2023-12-05,54712801.01068952,New Hampshire
2023-12-06,58593020.260996066,New Hampshire
2023-12-07,53055406.21833695,New Hampshire
2023-12-08,54480196.52527109,New Hampshire
2023-12-09,56230197.55864195,New Hampshire
2023-12-10,55455131.97447077,New Hampshire
2023-12-11,56297105.378706746,New Hampshire
2023-12-12,54889305.29359001,New Hampshire
2023-12-13,58953457.59976613,New Hampshire
2023-12-14,53599633.09687205,New Hampshire
2023-12-15,55202065.55503622,New Hampshire
2023-12-16,57117750.38225552,New Hampshire
2023-12-17,56490964.44002649,New Hampshire
2023-12-18,57458893.07412744,New Hampshire
2023-12-19,56150472.91585634,New Hampshire
2023-12-20,60283971.52775552,New Hampshire
2023-12-21,54966893.05580388,New Hampshire
2023-12-22,56571868.50432176,New Hampshire
2023-12-23,58455297.802295275,New Hampshire
2023-12-24,57761883.091871694,New Hampshire
2023-12-25,58630239.08523875,New Hampshire
2023-12-26,57191689.70984176,New Hampshire
2023-12-27,61167773.6400989,New Hampshire
2023-12-28,55670050.214682996,New Hampshire
2023-12-29,57075867.43180809,New Hampshire
2023-12-30,58746862.9149792,New Hampshire
2023-12-31,57833341.53678288,New Hampshire
2024-01-01,58479720.21318941,New Hampshire
2024-01-02,56823154.02113663,New Hampshire
2024-01-03,60590871.29506982,New Hampshire
2024-01-04,54899814.23173779,New Hampshire
2024-01-05,56132251.552766554,New Hampshire
2024-01-06,57654138.65819077,New Hampshire
2024-01-07,56619373.051108256,New Hampshire
2024-01-08,57175139.07220846,New Hampshire
2024-01-09,55460458.953880906,New Hampshire
2024-01-10,59203479.95706773,New Hampshire
2024-01-11,53521095.41779922,New Hampshire
2024-01-12,54794566.705873124,New Hampshire
2024-01-13,56387921.12637778,New Hampshire
2024-01-14,55452272.3017012,New Hampshire
2024-01-15,56131255.028177865,New Hampshire
2024-01-16,54559688.83567231,New Hampshire
2024-01-17,58460996.576753385,New Hampshire
2024-01-18,52946971.8864605,New Hampshire
2024-01-19,54393558.09768649,New Hampshire
2024-01-20,56159408.9261508,New Hampshire
2024-01-21,55390372.586881086,New Hampshire
2024-01-22,56225086.44554362,New Hampshire
2024-01-23,54793791.6718789,New Hampshire
2024-01-24,58815889.73155147,New Hampshire
2024-01-25,53399830.468139455,New Hampshire
2024-01-26,54918990.7939464,New Hampshire
2024-01-27,56730311.36271805,New Hampshire
2024-01-28,55978830.65762957,New Hampshire
2023-12-04,72444457.48629694,New Mexico
2023-12-05,70978162.85818812,New Mexico
2023-12-06,76525429.06855823,New Mexico
2023-12-07,69179180.59450468,New Mexico
2023-12-08,70372766.47873354,New Mexico
2023-12-09,72458823.63337629,New Mexico
2023-12-10,71526900.19110331,New Mexico
2023-12-11,72128899.99800691,New Mexico
2023-12-12,70892296.05898854,New Mexico
2023-12-13,76677341.08692372,New Mexico
2023-12-14,69569886.4082088,New Mexico
2023-12-15,70996169.37488532,New Mexico
2023-12-16,73301883.26757357,New Mexico
2023-12-17,72570001.87938318,New Mexico
2023-12-18,73346414.10541935,New Mexico
2023-12-19,72253310.91040672,New Mexico
2023-12-20,78146547.87307787,New Mexico
2023-12-21,71108590.23458157,New Mexico
2023-12-22,72563397.02739984,New Mexico
2023-12-23,74855555.54695429,New Mexico
2023-12-24,74068136.56466529,New Mexico
2023-12-25,74748324.7944386,New Mexico
2023-12-26,73520767.17599683,New Mexico
2023-12-27,79244863.35854809,New Mexico
2023-12-28,72007607.4580347,New Mexico
2023-12-29,73238340.70632151,New Mexico
2023-12-30,75287730.10607632,New Mexico
2023-12-31,74245448.03594595,New Mexico
2024-01-01,74665612.43098255,New Mexico
2024-01-02,73179935.6280969,New Mexico
2024-01-03,78654812.04516917,New Mexico
2024-01-04,71183959.63980953,New Mexico
2024-01-05,72202980.55941941,New Mexico
2024-01-06,74068161.64104016,New Mexico
2024-01-07,72873994.8429402,New Mexico
2024-01-08,73178481.81501062,New Mexico
2024-01-09,71616174.59122759,New Mexico
2024-01-10,77055185.66745116,New Mexico
2024-01-11,69589784.61625074,New Mexico
2024-01-12,70654947.90471736,New Mexico
2024-01-13,72605182.84064007,New Mexico
2024-01-14,71532105.00227113,New Mexico
2024-01-15,71989831.65813114,New Mexico
2024-01-16,70608140.53842315,New Mexico
2024-01-17,76249623.751493,New Mexico
2024-01-18,69002449.78274287,New Mexico
2024-01-19,70295095.40371734,New Mexico
2024-01-20,72475363.09553272,New Mexico
2024-01-21,71628157.69200522,New Mexico
2024-01-22,72301078.93334477,New Mexico
2024-01-23,71117773.47943035,New Mexico
2024-01-24,76935270.53554815,New Mexico
2024-01-25,69836908.72055736,New Mexico
2024-01-26,71247211.1868327,New Mexico
2024-01-27,73511020.40427645,New Mexico
2024-01-28,72711362.87113601,New Mexico
2023-12-04,440697979.40091306,New York
2023-12-05,427605769.711597,New York
2023-12-06,460620088.3237735,New York
2023-12-07,410701882.17241704,New York
2023-12-08,421392028.9600083,New York
2023-12-09,436072315.062513,New York
2023-12-10,427030602.37695664,New York
2023-12-11,437120895.46268094,New York
2023-12-12,425357905.2662803,New York
2023-12-13,459801581.71662045,New York
2023-12-14,411364543.92631626,New York
2023-12-15,423538237.4576767,New York
2023-12-16,439655371.3325744,New York
2023-12-17,431956520.87733597,New York
2023-12-18,443251566.7070986,New York
2023-12-19,432515527.2026795,New York
2023-12-20,467774221.0319837,New York
2023-12-21,419912656.92766297,New York
2023-12-22,432401953.7524407,New York
2023-12-23,448562322.9222915,New York
2023-12-24,440629985.060044,New York
2023-12-25,451418683.7154749,New York
2023-12-26,439915352.9846307,New York
2023-12-27,474165381.96628445,New York
2023-12-28,425080386.357239,New York
2023-12-29,436164309.58491254,New York
2023-12-30,450775410.6165753,New York
2023-12-31,441192040.31455374,New York
2024-01-01,450272903.2377994,New York
2024-01-02,437051398.81165725,New York
2024-01-03,469619523.86658376,New York
2024-01-04,418934286.71760285,New York
2024-01-05,428542494.7187215,New York
2024-01-06,441841510.4789857,New York
2024-01-07,431143914.0777127,New York
2024-01-08,439336800.0562016,New York
2024-01-09,425475330.47315866,New York
2024-01-10,457666048.1176995,New York
2024-01-11,406872916.24663556,New York
2024-01-12,416641956.6351838,New York
2024-01-13,430362084.3830778,New York
2024-01-14,420330073.40650094,New York
2024-01-15,429410371.4384759,New York
2024-01-16,416629369.6592844,New York
2024-01-17,450059609.1460111,New York
2024-01-18,400626863.5429673,New York
2024-01-19,411835938.5094437,New York
2024-01-20,427032751.8153654,New York
2024-01-21,418470591.1252304,New York
2024-01-22,428971230.1609705,New York
2024-01-23,417520470.108746,New York
2024-01-24,452153551.19593287,New York
2024-01-25,403763338.63753086,New York
2024-01-26,415827091.4007849,New York
2024-01-27,431669349.55404556,New York
2024-01-28,423528813.9559095,New York
2023-12-04,355149904.1469885,North Carolina
2023-12-05,346312899.8784218,North Carolina
2023-12-06,376817533.51115155,North Carolina
2023-12-07,336627329.7965824,North Carolina
2023-12-08,341481790.6987697,North Carolina
2023-12-09,353142304.62409914,North Carolina
2023-12-10,346387781.281511,North Carolina
2023-12-11,352117520.57164764,North Carolina
2023-12-12,344514446.5626097,North Carolina
2023-12-13,376354886.994664,North Carolina
2023-12-14,337565058.0777486,North Carolina
2023-12-15,343845311.1269259,North Carolina
2023-12-16,356917157.157306,North Carolina
2023-12-17,351520031.34616137,North Carolina
2023-12-18,358515273.6954544,North Carolina
2023-12-19,352050425.5628331,North Carolina
2023-12-20,384869992.67003316,North Carolina
2023-12-21,346872806.9194992,North Carolina
2023-12-22,353737019.3075855,North Carolina
2023-12-23,367167719.64429426,North Carolina
2023-12-24,361894128.99575996,North Carolina
2023-12-25,368773830.0357688,North Carolina
2023-12-26,361957128.98310333,North Carolina
2023-12-27,394197699.0296724,North Carolina
2023-12-28,355409642.18294334,North Carolina
2023-12-29,361292011.5320007,North Carolina
2023-12-30,373575804.20673954,North Carolina
2023-12-31,367020389.88531226,North Carolina
2024-01-01,372516862.8160185,North Carolina
2024-01-02,364251436.94669414,North Carolina
2024-01-03,395015062.3889002,North Carolina
2024-01-04,354759430.01998943,North Carolina
2024-01-05,359220436.8156863,North Carolina
2024-01-06,370164152.5741618,North Carolina
2024-01-07,362382282.2168772,North Carolina
2024-01-08,366794639.0605808,North Carolina
2024-01-09,357611773.3882814,North Carolina
2024-01-10,387643955.8948744,North Carolina
2024-01-11,346856700.164449,North Carolina
2024-01-12,350993909.6499764,North Carolina
2024-01-13,361823697.8653419,North Carolina
2024-01-14,354133878.9872334,North Carolina
2024-01-15,358834642.16254765,North Carolina
2024-01-16,350121546.740286,North Carolina
2024-01-17,380785026.0950484,North Carolina
2024-01-18,340766567.8741225,North Carolina
2024-01-19,345782635.8826177,North Carolina
2024-01-20,357571358.7396037,North Carolina
2024-01-21,350888956.30795664,North Carolina
2024-01-22,356613389.1516308,North Carolina
2024-01-23,348908339.1793777,North Carolina
2024-01-24,380533679.92054665,North Carolina
2024-01-25,341402575.72571427,North Carolina
2024-01-26,347206248.09480745,North Carolina
2024-01-27,359661409.5551618,North Carolina
2024-01-28,353507314.4067468,North Carolina
2023-12-04,371577033.84140354,Ohio
2023-12-05,359229372.90115714,Ohio
2023-12-06,393312376.05691105,Ohio
2023-12-07,349060235.11428297,Ohio
2023-12-08,357061228.5538592,Ohio
2023-12-09,369046428.83539176,Ohio
2023-12-10,363456711.23578334,Ohio
2023-12-11,369791970.2793785,Ohio
2023-12-12,358797066.72724396,Ohio
2023-12-13,394294079.8556442,Ohio
2023-12-14,351474006.114018,Ohio
2023-12-15,360881389.2020169,Ohio
2023-12-16,374204298.45845944,Ohio
2023-12-17,369842582.0200383,Ohio
2023-12-18,377258265.1790777,Ohio
2023-12-19,367162583.2211449,Ohio
2023-12-20,403349192.6816319,Ohio
2023-12-21,360986675.0907178,Ohio
2023-12-22,370603795.7668156,Ohio
2023-12-23,383879917.23308533,Ohio
2023-12-24,379213482.0503643,Ohio
2023-12-25,386072429.7871696,Ohio
2023-12-26,375181037.8151371,Ohio
2023-12-27,410352736.3411805,Ohio
2023-12-28,366782024.09053534,Ohio
2023-12-29,375028965.0266229,Ohio
2023-12-30,386808688.4702489,Ohio
2023-12-31,380558834.4644732,Ohio
2024-01-01,385788839.6555287,Ohio
2024-01-02,373265586.49331224,Ohio
2024-01-03,406845000.9091673,Ohio
2024-01-04,361762760.22644573,Ohio
2024-01-05,368617626.6154172,Ohio
2024-01-06,379159861.94355565,Ohio
2024-01-07,371857696.958522,Ohio
2024-01-08,376245777.8760474,Ohio
2024-01-09,363110136.88384986,Ohio
2024-01-10,396319290.6690608,Ohio
2024-01-11,351114642.37466735,Ohio
2024-01-12,358093710.2717011,Ohio
2024-01-13,368998641.08320385,Ohio
2024-01-14,362282977.05610305,Ohio
2024-01-15,367460590.2052395,Ohio
2024-01-16,355291315.10477835,Ohio
2024-01-17,389612864.14766216,Ohio
2024-01-18,345632176.0630779,Ohio
2024-01-19,353909692.65484536,Ohio
2024-01-20,366148990.5061389,Ohio
2024-01-21,360764703.6093581,Ohio
2024-01-22,367232616.22957444,Ohio
2024-01-23,356276423.28415745,Ohio
2024-01-24,391700709.08986115,Ohio
2024-01-25,348683264.17140836,Ohio
2024-01-26,357760206.8903059,Ohio
2024-01-27,370616312.13111395,Ohio
2024-01-28,365653462.9078357,Ohio
2023-12-04,146694071.48149672,Oklahoma
2023-12-05,143854133.72736156,Oklahoma
2023-12-06,157043556.67129773,Oklahoma
2023-12-07,139630240.2877384,Oklahoma
2023-12-08,142368212.3763896,Oklahoma
2023-12-09,146875462.6131964,Oklahoma
2023-12-10,142381463.82379818,Oklahoma
2023-12-11,145054138.2622056,Oklahoma
2023-12-12,142616012.21212682,Oklahoma
2023-12-13,156246777.46948692,Oklahoma
2023-12-14,139301220.3733987,Oklahoma
2023-12-15,142519594.86712888,Oklahoma
2023-12-16,147505853.77670434,Oklahoma
2023-12-17,143475571.76303264,Oklahoma
2023-12-18,146583306.33003554,Oklahoma
2023-12-19,144539129.06753495,Oklahoma
2023-12-20,158511535.1207859,Oklahoma
2023-12-21,141845681.85802987,Oklahoma
2023-12-22,145274024.66593364,Oklahoma
2023-12-23,150394756.88795328,Oklahoma
2023-12-24,146419881.77003953,Oklahoma
2023-12-25,149502658.93300316,Oklahoma
2023-12-26,147354155.52423,Oklahoma
2023-12-27,161146109.8942943,Oklahoma
2023-12-28,144229060.50499654,Oklahoma
2023-12-29,147342811.55205005,Oklahoma
2023-12-30,152094647.58479568,Oklahoma
2023-12-31,147707131.80222023,Oklahoma
2024-01-01,150345238.71592793,Oklahoma
2024-01-02,147732560.60661325,Oklahoma
2024-01-03,161053805.73778722,Oklahoma
2024-01-04,143672551.69180176,Oklahoma
2024-01-05,146341336.20810837,Oklahoma
2024-01-06,150679508.6216333,Oklahoma
2024-01-07,145920687.00688383,Oklahoma
2024-01-08,148239581.45740724,Oklahoma
2024-01-09,145367931.69741297,Oklahoma
2024-01-10,158496784.54612246,Oklahoma
2024-01-11,140994080.727654,Oklahoma
2024-01-12,143614637.9346121,Oklahoma
2024-01-13,147977956.0476308,Oklahoma
2024-01-14,143315690.6237599,Oklahoma
2024-01-15,145798554.26740932,Oklahoma
2024-01-16,143152391.4787934,Oklahoma
2024-01-17,156560648.18701997,Oklahoma
2024-01-18,139382199.5729188,Oklahoma
2024-01-19,142361615.80022898,Oklahoma
2024-01-20,147107283.08346447,Oklahoma
2024-01-21,142839216.79732496,Oklahoma
2024-01-22,145716316.17325282,Oklahoma
2024-01-23,143452795.7453416,Oklahoma
2024-01-24,157221004.2606663,Oklahoma
2024-01-25,140369584.40759885,Oklahoma
2024-01-26,143634043.2723459,Oklahoma
2024-01-27,148615142.06213397,Oklahoma
2024-01-28,144526933.98819163,Oklahoma
2023-12-04,112642209.7925953,Oregon
2023-12-05,109483338.12927094,Oregon
2023-12-06,119637280.47709481,Oregon
2023-12-07,107726178.43337424,Oregon
2023-12-08,110393583.9700126,Oregon
2023-12-09,113631961.63359147,Oregon
2023-12-10,110106745.74597083,Oregon
2023-12-11,112751559.44164482,Oregon
2023-12-12,109984897.48892859,Oregon
2023-12-13,120536452.3647208,Oregon
2023-12-14,109015908.63774449,Oregon
2023-12-15,112054525.61576895,Oregon
2023-12-16,115633003.41587591,Oregon
2023-12-17,112405887.13123628,Oregon
2023-12-18,115297105.91036117,Oregon
2023-12-19,112716939.7001854,Oregon
2023-12-20,123388585.01116984,Oregon
2023-12-21,111917137.9636023,Oregon
2023-12-22,114931309.28407887,Oregon
2023-12-23,118411362.77910662,Oregon
2023-12-24,115013530.08420219,Oregon
2023-12-25,117665498.43066218,Oregon
2023-12-26,114783265.90991342,Oregon
2023-12-27,125097539.06284383,Oregon
2023-12-28,113222496.16137287,Oregon
2023-12-29,115797237.44056442,Oregon
2023-12-30,118813421.68658844,Oregon
2023-12-31,114939350.90760681,Oregon
2024-01-01,117115109.55396429,Oregon
2024-01-02,113769062.99201716,Oregon
2024-01-03,123643900.49428587,Oregon
2024-01-04,111365056.44781567,Oregon
2024-01-05,113581840.97710425,Oregon
2024-01-06,116294788.63683838,Oregon
2024-01-07,112179495.19771415,Oregon
2024-01-08,114181556.0956592,Oregon
2024-01-09,110732916.95395814,Oregon
2024-01-10,120577825.58788463,Oregon
2024-01-11,108341221.66365892,Oregon
2024-01-12,110669895.9339142,Oregon
2024-01-13,113559926.66975859,Oregon
2024-01-14,109680660.551981,Oregon
2024-01-15,111969847.18719584,Oregon
2024-01-16,108850231.74743998,Oregon
2024-01-17,119055787.89581747,Oregon
2024-01-18,107200418.8059452,Oregon
2024-01-19,109919448.96019006,Oregon
2024-01-20,113197404.5088833,Oregon
2024-01-21,109692339.30349158,Oregon
2024-01-22,112331305.60378042,Oregon
2024-01-23,109527264.07344197,Oregon
2024-01-24,120005605.9136638,Oregon
2024-01-25,108373106.46754673,Oregon
2024-01-26,111259625.5942109,Oregon
2024-01-27,114646046.50752452,Oregon
2024-01-28,111188705.5826191,Oregon
2023-12-04,364060938.5432865,Pennsylvania
2023-12-05,355443260.93274665,Pennsylvania
2023-12-06,386022822.69432944,Pennsylvania
2023-12-07,342814682.378312,Pennsylvania
2023-12-08,351609462.7166182,Pennsylvania
2023-12-09,365055458.6628081,Pennsylvania
2023-12-10,358792330.02084607,Pennsylvania
2023-12-11,362735328.403576,Pennsylvania
2023-12-12,355382228.6199189,Pennsylvania
2023-12-13,387285154.3567748,Pennsylvania
2023-12-14,345417438.10268736,Pennsylvania
2023-12-15,355527452.23878413,Pennsylvania
2023-12-16,370221944.1286344,Pennsylvania
2023-12-17,365100929.68788743,Pennsylvania
2023-12-18,370043060.966452,Pennsylvania
2023-12-19,363513605.51931834,Pennsylvania
2023-12-20,396037197.9010006,Pennsylvania
2023-12-21,354565477.32629263,Pennsylvania
2023-12-22,364831526.8772226,Pennsylvania
2023-12-23,379433630.4907159,Pennsylvania
2023-12-24,373970391.0252778,Pennsylvania
2023-12-25,378326119.45734537,Pennsylvania
2023-12-26,370978633.3511927,Pennsylvania
2023-12-27,402471631.1042151,Pennsylvania
2023-12-28,359781767.7902511,Pennsylvania
2023-12-29,368672364.99972856,Pennsylvania
2023-12-30,381776292.6730095,Pennsylvania
2023-12-31,374730092.0654406,Pennsylvania
2024-01-01,377458279.0805655,Pennsylvania
2024-01-02,368479997.7609441,Pennsylvania
2024-01-03,398380223.65332174,Pennsylvania
2024-01-04,354175676.6693619,Pennsylvania
2024-01-05,361667409.2614674,Pennsylvania
2024-01-06,373522639.98071086,Pennsylvania
2024-01-07,365407931.3621184,Pennsylvania
2024-01-08,367272678.06817347,Pennsylvania
2024-01-09,357655097.8944683,Pennsylvania
2024-01-10,387152943.6568044,Pennsylvania
2024-01-11,342789108.8533929,Pennsylvania
2024-01-12,350364100.8042373,Pennsylvania
2024-01-13,362537953.61914897,Pennsylvania
2024-01-14,354963676.58668333,Pennsylvania
2024-01-15,357571195.03314644,Pennsylvania
2024-01-16,348873962.1418218,Pennsylvania
2024-01-17,379440440.8153889,Pennsylvania
2024-01-18,336260605.3003311,Pennsylvania
2024-01-19,345099409.5402458,Pennsylvania
2024-01-20,358579765.10681665,Pennsylvania
2024-01-21,352317092.8980503,Pennsylvania
2024-01-22,356204373.26468664,Pennsylvania
2024-01-23,348719840.6275442,Pennsylvania
2024-01-24,380399490.1483356,Pennsylvania
2024-01-25,338204516.4594555,Pennsylvania
2024-01-26,347875604.3846784,Pennsylvania
2024-01-27,362016590.9070303,Pennsylvania
2024-01-28,356229543.10676134,Pennsylvania
2023-12-04,26816033.4238617,Rhode Island
2023-12-05,25997850.014355306,Rhode Island
2023-12-06,27810928.122439757,Rhode Island
2023-12-07,25179906.45054228,Rhode Island
2023-12-08,25965171.62687569,Rhode Island
2023-12-09,26693691.37475026,Rhode Island
2023-12-10,25862571.224915452,Rhode Island
2023-12-11,26846653.552340183,Rhode Island
2023-12-12,26136306.78019888,Rhode Island
2023-12-13,28058905.254432738,Rhode Island
2023-12-14,25535727.45325979,Rhode Island
2023-12-15,26423844.296313424,Rhode Island
2023-12-16,27247047.642255735,Rhode Island
2023-12-17,26499497.882406503,Rhode Island
2023-12-18,27553406.84589843,Rhode Island
2023-12-19,26896901.50587394,Rhode Island
2023-12-20,28855566.91484059,Rhode Island
2023-12-21,26349394.294261582,Rhode Island
2023-12-22,27234704.688126724,Rhode Island
2023-12-23,28035097.33500056,Rhode Island
2023-12-24,27245101.17775052,Rhode Island
2023-12-25,28237845.695110884,Rhode Island
2023-12-26,27502896.970121685,Rhode Island
2023-12-27,29367758.29044786,Rhode Island
2023-12-28,26754762.488129903,Rhode Island
2023-12-29,27522928.087143097,Rhode Island
2023-12-30,28198830.39968259,Rhode Island
2023-12-31,27280168.24510342,Rhode Island
2024-01-01,28143344.934620794,Rhode Island
2024-01-02,27281212.02654119,Rhode Island
2024-01-03,29024477.794886205,Rhode Island
2024-01-04,26298510.24734828,Rhode Island
2024-01-05,26965109.29564563,Rhode Island
2024-01-06,27553301.587506775,Rhode Island
2024-01-07,26562840.80934596,Rhode Island
2024-01-08,27371733.944964185,Rhode Island
2024-01-09,26473943.49231403,Rhode Island
2024-01-10,28200768.693015654,Rhode Island
2024-01-11,25477636.306649987,Rhode Island
2024-01-12,26165875.79538041,Rhode Island
2024-01-13,26793532.251823615,Rhode Island
2024-01-14,25858899.271503158,Rhode Island
2024-01-15,26738091.235168375,Rhode Island
2024-01-16,25922803.603102677,Rhode Island
2024-01-17,27741762.537317738,Rhode Island
2024-01-18,25117592.358641557,Rhode Island
2024-01-19,25908673.452146124,Rhode Island
2024-01-20,26640041.540697437,Rhode Island
2024-01-21,25807008.024150256,Rhode Island
2024-01-22,26782818.32709934,Rhode Island
2024-01-23,26056494.389228776,Rhode Island
2024-01-24,27954360.271270655,Rhode Island
2024-01-25,25396977.231804676,Rhode Island
2024-01-26,26241058.989556484,Rhode Island
2024-01-27,27010416.497475002,Rhode Island
2024-01-28,26199610.682883546,Rhode Island
2023-12-04,195094337.21190548,South Carolina
2023-12-05,190429078.45425174,South Carolina
2023-12-06,207004136.4968703,South Carolina
2023-12-07,186514161.9113165,South Carolina
2023-12-08,187835129.58767766,South Carolina
2023-12-09,194749410.85630906,South Carolina
2023-12-10,190249120.3616059,South Carolina
2023-12-11,193053650.6245631,South Carolina
2023-12-12,189096320.25172147,South Carolina
2023-12-13,206445095.15404218,South Carolina
2023-12-14,186772590.8809764,South Carolina
2023-12-15,188931495.89125705,South Carolina
2023-12-16,196680304.39158124,South Carolina
2023-12-17,192987337.1506724,South Carolina
2023-12-18,196548944.22758126,South Carolina
2023-12-19,193276796.8330551,South Carolina
2023-12-20,211219209.7305606,South Carolina
2023-12-21,192031685.61279163,South Carolina
2023-12-22,194552806.36043507,South Carolina
2023-12-23,202530347.0648544,South Carolina
2023-12-24,198925580.99335095,South Carolina
2023-12-25,202431661.99954766,South Carolina
2023-12-26,198960987.15905008,South Carolina
2023-12-27,216566479.6990453,South Carolina
2023-12-28,196911985.45019475,South Carolina
2023-12-29,198847912.5780793,South Carolina
2023-12-30,206136998.2374623,South Carolina
2023-12-31,201758180.75553635,South Carolina
2024-01-01,204424476.64331013,South Carolina
2024-01-02,200069779.98729312,South Carolina
2024-01-03,216769540.6220979,South Carolina
2024-01-04,196210531.71823585,South Carolina
2024-01-05,197265854.5277602,South Carolina
2024-01-06,203720081.97316957,South Carolina
2024-01-07,198572537.27266487,South Carolina
2024-01-08,200554623.532454,South Carolina
2024-01-09,195616137.05995828,South Carolina
2024-01-10,211845534.14818865,South Carolina
2024-01-11,190939373.0879702,South Carolina
2024-01-12,191777087.74089813,South Carolina
2024-01-13,198146000.18448374,South Carolina
2024-01-14,193044571.53475684,South Carolina
2024-01-15,195199806.80371547,South Carolina
2024-01-16,190553743.5150807,South Carolina
2024-01-17,207183987.93598467,South Carolina
2024-01-18,186773512.12119007,South Carolina
2024-01-19,188185857.1330473,South Carolina
2024-01-20,195190636.9018404,South Carolina
2024-01-21,190767327.09796357,South Carolina
2024-01-22,193623238.88578874,South Carolina
2024-01-23,189680590.51312062,South Carolina
2024-01-24,206997623.53394818,South Carolina
2024-01-25,187238960.00138074,South Carolina
2024-01-26,189251329.82867244,South Carolina
2024-01-27,196789547.77170125,South Carolina
2024-01-28,192820710.98060519,South Carolina
2023-12-04,28696091.071036473,South Dakota
2023-12-05,27890283.496818848,South Dakota
2023-12-06,30486594.69313148,South Dakota
2023-12-07,27313494.105228156,South Dakota
2023-12-08,28046741.33152181,South Dakota
2023-12-09,29048957.85972968,South Dakota
2023-12-10,28599482.565803867,South Dakota
2023-12-11,28798033.643099844,South Dakota
2023-12-12,28061764.936128505,South Dakota
2023-12-13,30727729.604028888,South Dakota
2023-12-14,27622046.29949793,South Dakota
2023-12-15,28418180.834581837,South Dakota
2023-12-16,29476586.05657304,South Dakota
2023-12-17,29074621.502103213,South Dakota
2023-12-18,29310273.659467325,South Dakota
2023-12-19,28599263.15386376,South Dakota
2023-12-20,31277550.345025904,South Dakota
2023-12-21,28170533.351771045,South Dakota
2023-12-22,28951350.601148684,South Dakota
2023-12-23,29980530.07231481,South Dakota
2023-12-24,29535906.586134993,South Dakota
2023-12-25,29716328.09328188,South Dakota
2023-12-26,28938737.734281883,South Dakota
2023-12-27,31540643.939789124,South Dakota
2023-12-28,28349273.66175942,South Dakota
2023-12-29,29039822.173273347,South Dakota
2023-12-30,29975043.172397416,South Dakota
2023-12-31,29435102.283775866,South Dakota
2024-01-01,29521216.781747624,South Dakota
2024-01-02,28652670.2505784,South Dakota
2024-01-03,31169216.409156673,South Dakota
2024-01-04,27900169.10821788,South Dakota
2024-01-05,28522593.759269234,South Dakota
2024-01-06,29400845.602810826,South Dakota
2024-01-07,28816379.38504524,South Dakota
2024-01-08,28871354.503770273,South Dakota
2024-01-09,27985625.301616717,South Dakota
2024-01-10,30499131.39619801,South Dakota
2024-01-11,27240985.39832762,South Dakota
2024-01-12,27887673.29307196,South Dakota
2024-01-13,28802612.579799872,South Dakota
2024-01-14,28265992.112652242,South Dakota
2024-01-15,28378416.77651935,South Dakota
2024-01-16,27557945.482624672,South Dakota
2024-01-17,30142535.94486452,South Dakota
2024-01-18,26959191.968986385,South Dakota
2024-01-19,27682226.76657193,South Dakota
2024-01-20,28672885.535576127,South Dakota
2024-01-21,28209249.357173156,South Dakota
2024-01-22,28389941.669924244,South Dakota
2024-01-23,27631224.003573895,South Dakota
2024-01-24,30269492.756671682,South Dakota
2024-01-25,27130471.245445523,South Dakota
2024-01-26,27887509.247888487,South Dakota
2024-01-27,28901232.249403685,South Dakota
2024-01-28,28449461.686935656,South Dakota
2023-12-04,261303857.5018525,Tennessee
2023-12-05,254145989.94300845,Tennessee
2023-12-06,277274466.6977631,Tennessee
2023-12-07,248268656.19812012,Tennessee
2023-12-08,251311975.8604921,Tennessee
2023-12-09,261306262.1163899,Tennessee
2023-12-10,255489579.45424226,Tennessee
2023-12-11,259421615.81259647,Tennessee
2023-12-12,253222929.72231576,Tennessee
2023-12-13,277381106.37611586,Tennessee
2023-12-14,249445694.1981147,Tennessee
2023-12-15,253568968.6986149,Tennessee
2023-12-16,264621194.31984237,Tennessee
2023-12-17,259809335.70604694,Tennessee
2023-12-18,264663340.0085718,Tennessee
2023-12-19,259276230.40386033,Tennessee
2023-12-20,284111044.00540584,Tennessee
2023-12-21,256696463.6529233,Tennessee
2023-12-22,261168170.8124593,Tennessee
2023-12-23,272384573.82757276,Tennessee
2023-12-24,267545850.0454964,Tennessee
2023-12-25,272180414.4272336,Tennessee
2023-12-26,266385049.98411393,Tennessee
2023-12-27,290631732.66800904,Tennessee
2023-12-28,262463003.94023722,Tennessee
2023-12-29,266032926.16189265,Tennessee
2023-12-30,276222286.8921726,Tennessee
2023-12-31,270257006.03698945,Tennessee
2024-01-01,273693877.012753,Tennessee
2024-01-02,266659898.39456213,Tennessee
2024-01-03,289658251.7804738,Tennessee
2024-01-04,260262803.49136993,Tennessee
2024-01-05,262658190.23842221,Tennessee
2024-01-06,271754179.6991603,Tennessee
2024-01-07,264803283.95336923,Tennessee
2024-01-08,267385779.41866162,Tennessee
2024-01-09,259648410.04701015,Tennessee
2024-01-10,282109847.0524488,Tennessee
2024-01-11,252354797.0727876,Tennessee
2024-01-12,254573829.5264238,Tennessee
2024-01-13,263677620.7852295,Tennessee
2024-01-14,256914595.66903412,Tennessee
2024-01-15,259856118.2638702,Tennessee
2024-01-16,252635503.0706914,Tennessee
2024-01-17,275753910.0508404,Tennessee
2024-01-18,246775002.1251786,Tennessee
2024-01-19,249865419.29346755,Tennessee
2024-01-20,259909747.64776784,Tennessee
2024-01-21,254128942.25867313,Tennessee
2024-01-22,258066332.86023444,Tennessee
2024-01-23,251827459.39340764,Tennessee
2024-01-24,275886776.8589573,Tennessee
2024-01-25,247783084.44775188,Tennessee
2024-01-26,251660710.74696,Tennessee
2024-01-27,262385112.78848025,Tennessee
2024-01-28,257161829.8693023,Tennessee
2023-12-04,903316499.0240055,Texas
2023-12-05,891232697.5204623,Texas
2023-12-06,967180361.0557916,Texas
2023-12-07,863330459.7593166,Texas
2023-12-08,881695087.2661254,Texas
2023-12-09,919211140.4063303,Texas
2023-12-10,897623031.1837605,Texas
2023-12-11,900729416.1262472,Texas
2023-12-12,891135034.3694351,Texas
2023-12-13,969686961.8022087,Texas
2023-12-14,868474039.089892,Texas
2023-12-15,889424693.6399485,Texas
2023-12-16,929393095.6686149,Texas
2023-12-17,910044315.3864418,Texas
2023-12-18,915103395.7854564,Texas
2023-12-19,907109364.8949805,Texas
2023-12-20,986853432.3509277,Texas
2023-12-21,886380072.4196521,Texas
2023-12-22,907586166.2685966,Texas
2023-12-23,947308106.1005797,Texas
2023-12-24,927207501.4429183,Texas
2023-12-25,931020386.8837104,Texas
2023-12-26,921310951.9204531,Texas
2023-12-27,998909046.5855427,Texas
2023-12-28,895910185.5888224,Texas
2023-12-29,914273255.504421,Texas
2023-12-30,950905869.5891438,Texas
2023-12-31,927548061.4546796,Texas
2024-01-01,928019275.3590847,Texas
2024-01-02,914969738.0213658,Texas
2024-01-03,989315533.8381692,Texas
2024-01-04,883236176.4031521,Texas
2024-01-05,898769950.9733449,Texas
2024-01-06,932897040.4904411,Texas
2024-01-07,907421190.3612846,Texas
2024-01-08,906214927.8688565,Texas
2024-01-09,891969471.6560063,Texas
2024-01-10,965628694.7123315,Texas
2024-01-11,859385965.123534,Texas
2024-01-12,875279159.5126382,Texas
2024-01-13,910273870.4197059,Texas
2024-01-14,886145559.5940328,Texas
2024-01-15,886725658.0575752,Texas
2024-01-16,874652722.0796248,Texas
2024-01-17,950807971.6318468,Texas
2024-01-18,847313989.2818907,Texas
2024-01-19,866131820.0426682,Texas
2024-01-20,904146432.4944674,Texas
2024-01-21,883051227.4802423,Texas
2024-01-22,886596526.71085,Texas
2024-01-23,877343081.0417655,Texas
2024-01-24,956099856.7718625,Texas
2024-01-25,854924812.8076094,Texas
2024-01-26,875723849.1104923,Texas
2024-01-27,915337833.3648171,Texas
2024-01-28,895428347.0633843,Texas
2023-12-04,82708754.56981052,Utah
2023-12-05,80306369.96221226,Utah
2023-12-06,88469758.19962724,Utah
2023-12-07,78830463.6558044,Utah
2023-12-08,80880713.63924086,Utah
2023-12-09,83568506.00714655,Utah
2023-12-10,82339667.20883772,Utah
2023-12-11,83120244.53550172,Utah
2023-12-12,80978176.28758745,Utah
2023-12-13,89402118.48278289,Utah
2023-12-14,80014831.62134646,Utah
2023-12-15,82299895.02035482,Utah
2023-12-16,85197053.02966878,Utah
2023-12-17,84144520.61167583,Utah
2023-12-18,85061604.90308394,Utah
2023-12-19,83010579.84233578,Utah
2023-12-20,91475686.57630621,Utah
2023-12-21,82076658.14115886,Utah
2023-12-22,84295531.93918422,Utah
2023-12-23,87072051.47782634,Utah
2023-12-24,85845983.23287593,Utah
2023-12-25,86539704.90275833,Utah
2023-12-26,84220003.0675945,Utah
2023-12-27,92376955.1464925,Utah
2023-12-28,82637297.51751229,Utah
2023-12-29,84491047.78063552,Utah
2023-12-30,86886688.05229986,Utah
2023-12-31,85273241.37878667,Utah
2024-01-01,85582604.3911778,Utah
2024-01-02,82891081.49720766,Utah
2024-01-03,90698003.00958358,Utah
2024-01-04,80638836.5853318,Utah
2024-01-05,82211567.2593223,Utah
2024-01-06,84371659.84489137,Utah
2024-01-07,82573942.05980013,Utah
2024-01-08,82754776.97950388,Utah
2024-01-09,79993474.64292252,Utah
2024-01-10,87790828.66481954,Utah
2024-01-11,77782189.50937545,Utah
2024-01-12,79463850.75104527,Utah
2024-01-13,81788061.87249148,Utah
2024-01-14,80205004.478073,Utah
2024-01-15,80645097.82973945,Utah
2024-01-16,78180579.70295939,Utah
2024-01-17,86304243.56299697,Utah
2024-01-18,76642737.98014148,Utah
2024-01-19,78683198.1544197,Utah
2024-01-20,81368516.11073266,Utah
2024-01-21,80139579.12125055,Utah
2024-01-22,80917834.81589179,Utah
2024-01-23,78767121.62117665,Utah
2024-01-24,87172638.46980545,Utah
2024-01-25,77754453.13860506,Utah
2024-01-26,79994313.21075632,Utah
2024-01-27,82831061.19834864,Utah
2024-01-28,81702979.35009705,Utah
2023-12-04,18278568.455943782,Vermont
2023-12-05,17849834.310467444,Vermont
2023-12-06,18981238.141864367,Vermont
2023-12-07,17154648.031366993,Vermont
2023-12-08,17652037.14066071,Vermont
2023-12-09,18069632.838242345,Vermont
2023-12-10,17820297.270721883,Vermont
2023-12-11,18330547.367080793,Vermont
2023-12-12,17976332.43771844,Vermont
2023-12-13,19184496.498016343,Vermont
2023-12-14,17434609.16363907,Vermont
2023-12-15,18006340.052599277,Vermont
2023-12-16,18493673.440384388,Vermont
2023-12-17,18307352.211232785,Vermont
2023-12-18,18871957.325204473,Vermont
2023-12-19,18561739.318452664,Vermont
2023-12-20,19802127.491189606,Vermont
2023-12-21,18071599.364926152,Vermont
2023-12-22,18649084.32263407,Vermont
2023-12-23,19128197.42758681,Vermont
2023-12-24,18919692.00404766,Vermont
2023-12-25,19448537.040439755,Vermont
2023-12-26,19089736.07724075,Vermont
2023-12-27,20269813.67562109,Vermont
2023-12-28,18468652.77249719,Vermont
2023-12-29,18966857.818998024,Vermont
2023-12-30,19359940.911358774,Vermont
2023-12-31,19060720.90349326,Vermont
2024-01-01,19496343.120384254,Vermont
2024-01-02,19044037.998551946,Vermont
2024-01-03,20132546.472210385,Vermont
2024-01-04,18243897.141470503,Vermont
2024-01-05,18660711.80953052,Vermont
2024-01-06,18980338.1988722,Vermont
2024-01-07,18617201.302963827,Vermont
2024-01-08,18999782.28550936,Vermont
2024-01-09,18506344.336167444,Vermont
2024-01-10,19566334.14505117,Vermont
2024-01-11,17662144.61480791,Vermont
2024-01-12,18076415.704043902,Vermont
2024-01-13,18406172.236973528,Vermont
2024-01-14,18065189.880608425,Vermont
2024-01-15,18480997.675708525,Vermont
2024-01-16,18030635.75222426,Vermont
2024-01-17,19142095.884838786,Vermont
2024-01-18,17296129.303901307,Vermont
2024-01-19,17773597.291291397,Vermont
2024-01-20,18169661.912086528,Vermont
2024-01-21,17896206.52354638,Vermont
2024-01-22,18378892.857615262,Vermont
2024-01-23,17992971.733763855,Vermont
2024-01-24,19164773.545560457,Vermont
2024-01-25,17373561.52839317,Vermont
2024-01-26,17898922.074839626,Vermont
2024-01-27,18334988.36501965,Vermont
2024-01-28,18092886.079660397,Vermont
2023-12-04,293010781.2304466,Virginia
2023-12-05,284147532.6960236,Virginia
2023-12-06,309307030.1155795,Virginia
2023-12-07,275994234.7991765,Virginia
2023-12-08,281560953.1886564,Virginia
2023-12-09,290790394.1549239,Virginia
2023-12-10,283999554.98757815,Virginia
2023-12-11,290903272.35500264,Virginia
2023-12-12,283107434.2240925,Virginia
2023-12-13,309408933.34725875,Virginia
2023-12-14,277279791.92250997,Virginia
2023-12-15,284037613.3280788,Virginia
2023-12-16,294431112.13617086,Virginia
2023-12-17,288743477.63542116,Virginia
2023-12-18,296657379.5418689,Virginia
2023-12-19,289749085.0372865,Virginia
2023-12-20,316789242.3892528,Virginia
2023-12-21,285227737.6166381,Virginia
2023-12-22,292364759.82356805,Virginia
2023-12-23,302936809.5493076,Virginia
2023-12-24,297220392.40274245,Virginia
2023-12-25,304897197.9404994,Virginia
2023-12-26,297548228.6927858,Virginia
2023-12-27,323954434.9332901,Virginia
2023-12-28,291581266.5619795,Virginia
2023-12-29,297749287.0264239,Virginia
2023-12-30,307219597.0598677,Virginia
2023-12-31,300296827.65159535,Virginia
2024-01-01,306693522.5920946,Virginia
2024-01-02,298023398.4982797,Virginia
2024-01-03,323101062.89498127,Virginia
2024-01-04,289425627.9421318,Virginia
2024-01-05,294350391.45472944,Virginia
2024-01-06,302667359.44397044,Virginia
2024-01-07,294709395.0250699,Virginia
2024-01-08,300213837.7239091,Virginia
2024-01-09,290815102.36018705,Virginia
2024-01-10,315343856.3484097,Virginia
2024-01-11,281310227.74885523,Virginia
2024-01-12,286073226.52979904,Virginia
2024-01-13,294425159.8611502,Virginia
2024-01-14,286693828.48503834,Virginia
2024-01-15,292606345.9502145,Virginia
2024-01-16,283782083.2933697,Virginia
2024-01-17,309032327.2556563,Virginia
2024-01-18,275844089.7928026,Virginia
2024-01-19,281550233.3714883,Virginia
2024-01-20,290914672.0404406,Virginia
2024-01-21,284235412.23814195,Virginia
2024-01-22,291209250.456503,Virginia
2024-01-23,283425604.8100198,Virginia
2024-01-24,309667042.9394886,Virginia
2024-01-25,277393918.9528196,Virginia
2024-01-26,283915260.1731628,Virginia
2024-01-27,293974641.9615032,Virginia
2024-01-28,287853795.4809302,Virginia
2023-12-04,184732423.4182206,Washington
2023-12-05,179374843.1172376,Washington
2023-12-06,196497686.32482412,Washington
2023-12-07,175503659.96419212,Washington
2023-12-08,180233612.41168457,Washington
2023-12-09,185596061.6371217,Washington
2023-12-10,181296561.3809779,Washington
2023-12-11,184708526.5921682,Washington
2023-12-12,180053101.2658023,Washington
2023-12-13,197891345.96414062,Washington
2023-12-14,177603026.99969384,Washington
2023-12-15,183006353.90135732,Washington
2023-12-16,188988179.7051447,Washington
2023-12-17,185234007.18105477,Washington
2023-12-18,189099403.6782631,Washington
2023-12-19,184790390.74854589,Washington
2023-12-20,202856070.89614165,Washington
2023-12-21,182667760.9694587,Washington
2023-12-22,188038969.17977077,Washington
2023-12-23,193855723.745132,Washington
2023-12-24,189806593.0050495,Washington
2023-12-25,193253999.7756553,Washington
2023-12-26,188414399.5401176,Washington
2023-12-27,205850591.48342258,Washington
2023-12-28,184950441.57630357,Washington
2023-12-29,189546367.11100325,Washington
2023-12-30,194545105.4682707,Washington
2023-12-31,189657123.6562381,Washington
2024-01-01,192267289.51962873,Washington
2024-01-02,186614393.2248063,Washington
2024-01-03,203282807.38003132,Washington
2024-01-04,181680584.1062741,Washington
2024-01-05,185658356.78138852,Washington
2024-01-06,190138586.2274197,Washington
2024-01-07,184844523.05176032,Washington
2024-01-08,187170519.9522709,Washington
2024-01-09,181361292.86863723,Washington
2024-01-10,198003426.6925552,Washington
2024-01-11,176503428.0705878,Washington
2024-01-12,180706693.99236524,Washington
2024-01-13,185526933.634105,Washington
2024-01-14,180675409.676397,Washington
2024-01-15,183531624.38592103,Washington
2024-01-16,178323038.05997103,Washington
2024-01-17,195617101.82743323,Washington
2024-01-18,174799891.60137185,Washington
2024-01-19,179695694.57844427,Washington
2024-01-20,185197067.4113054,Washington
2024-01-21,180994713.4235746,Washington
2024-01-22,184448785.35362226,Washington
2024-01-23,179769183.02133828,Washington
2024-01-24,197508110.84043822,Washington
2024-01-25,177039166.52612254,Washington
2024-01-26,182177299.0312275,Washington
2024-01-27,187809143.94029745,Washington
2024-01-28,183623075.5797239,Washington
2023-12-04,76277560.83158875,West Virginia
2023-12-05,74374575.74654697,West Virginia
2023-12-06,80329184.26572926,West Virginia
2023-12-07,72629105.34056023,West Virginia
2023-12-08,73601289.32653388,West Virginia
2023-12-09,75562325.99903612,West Virginia
2023-12-10,72917968.82359983,West Virginia
2023-12-11,75568194.16451558,West Virginia
2023-12-12,73882236.1348726,West Virginia
2023-12-13,80074774.7703823,West Virginia
2023-12-14,72626683.68837065,West Virginia
2023-12-15,73857676.77947102,West Virginia
2023-12-16,76076921.93801457,West Virginia
2023-12-17,73682775.17921709,West Virginia
2023-12-18,76568047.90344346,West Virginia
2023-12-19,75095242.16451925,West Virginia
2023-12-20,81472926.01873077,West Virginia
2023-12-21,74176649.90902255,West Virginia
2023-12-22,75521738.97063334,West Virginia
2023-12-23,77814025.27718352,West Virginia
2023-12-24,75449670.17501369,West Virginia
2023-12-25,78320487.13789907,West Virginia
2023-12-26,76789198.60906345,West Virginia
2023-12-27,83065798.48764122,West Virginia
2023-12-28,75628421.7761527,West Virginia
2023-12-29,76796057.79666734,West Virginia
2023-12-30,78879173.43054701,West Virginia
2023-12-31,76279399.80326027,West Virginia
2024-01-01,78894696.86615478,West Virginia
2024-01-02,77094433.98350795,West Virginia
2024-01-03,83095563.31597562,West Virginia
2024-01-04,75383292.98988627,West Virginia
2024-01-05,76283602.1166883,West Virginia
2024-01-06,78113669.79272239,West Virginia
2024-01-07,75281377.0330683,West Virginia
2024-01-08,77690301.3225854,West Virginia
2024-01-09,75714646.6719621,West Virginia
2024-01-10,81575290.16380627,West Virginia
2024-01-11,73760355.46746264,West Virginia
2024-01-12,74597658.07360353,West Virginia
2024-01-13,76405096.18946004,West Virginia
2024-01-14,73590147.13448334,West Virginia
2024-01-15,76054888.85756496,West Virginia
2024-01-16,74170988.46223687,West Virginia
2024-01-17,80155836.81341377,West Virginia
2024-01-18,72493236.94441402,West Virginia
2024-01-19,73505987.48864295,West Virginia
2024-01-20,75506430.88899133,West Virginia
2024-01-21,72896121.5003037,West Virginia
2024-01-22,75571028.08301783,West Virginia
2024-01-23,73896707.20390661,West Virginia
2024-01-24,80084621.15702368,West Virginia
2024-01-25,72613002.7302492,West Virginia
2024-01-26,73799602.87509586,West Virginia
2024-01-27,75952386.24001373,West Virginia
2024-01-28,73469325.40423256,West Virginia
2023-12-04,157549745.42935386,Wisconsin
2023-12-05,152232053.99895263,Wisconsin
2023-12-06,165296834.67809284,Wisconsin
2023-12-07,146796397.73415563,Wisconsin
2023-12-08,151550539.46642613,Wisconsin
2023-12-09,155905717.8278696,Wisconsin
2023-12-10,154594820.0309564,Wisconsin
2023-12-11,157736599.07213464,Wisconsin
2023-12-12,152993736.36432803,Wisconsin
2023-12-13,166638642.59036607,Wisconsin
2023-12-14,148704739.4725565,Wisconsin
2023-12-15,153993313.36078545,Wisconsin
2023-12-16,158833234.99186763,Wisconsin
2023-12-17,157941241.63873482,Wisconsin
2023-12-18,161421843.88178813,Wisconsin
2023-12-19,156925800.84787092,Wisconsin
2023-12-20,170716264.41840053,Wisconsin
2023-12-21,152820325.54816556,Wisconsin
2023-12-22,158036046.37036178,Wisconsin
2023-12-23,162692267.73189834,Wisconsin
2023-12-24,161508886.31599715,Wisconsin
2023-12-25,164596664.21038884,Wisconsin
2023-12-26,159615518.05578914,Wisconsin
2023-12-27,172840394.11296287,Wisconsin
2023-12-28,154312470.5999596,Wisconsin
2023-12-29,158845781.3033019,Wisconsin
2023-12-30,162786562.25105432,Wisconsin
2023-12-31,160873029.19555572,Wisconsin
2024-01-01,163234663.41308913,Wisconsin
2024-01-02,157549968.21899313,Wisconsin
2024-01-03,170111817.98355204,Wisconsin
2024-01-04,150978156.1724127,Wisconsin
2024-01-05,154978150.88008216,Wisconsin
2024-01-06,158471122.98235822,Wisconsin
2024-01-07,156205966.48683947,Wisconsin
2024-01-08,158320148.57923064,Wisconsin
2024-01-09,152497259.62838677,Wisconsin
2024-01-10,165032240.46045223,Wisconsin
2024-01-11,145982046.45940155,Wisconsin
2024-01-12,150171857.4302899,Wisconsin
2024-01-13,153954146.2507786,Wisconsin
2024-01-14,152068321.2977154,Wisconsin
2024-01-15,154640023.2027583,Wisconsin
2024-01-16,149339037.1262263,Wisconsin
2024-01-17,162444936.92139113,Wisconsin
2024-01-18,143998208.2789203,Wisconsin
2024-01-19,148806946.1566908,Wisconsin
2024-01-20,153206425.1304982,Wisconsin
2024-01-21,151919242.92696932,Wisconsin
2024-01-22,155055103.06104174,Wisconsin
2024-01-23,150269183.6565869,Wisconsin
2024-01-24,163828195.64419323,Wisconsin
2024-01-25,145761865.55451524,Wisconsin
2024-01-26,150869927.99497366,Wisconsin
2024-01-27,155481918.16691166,Wisconsin
2024-01-28,154317458.5819493,Wisconsin
2023-12-04,21620513.1065523,Wyoming
2023-12-05,21290481.691988546,Wyoming
2023-12-06,23221367.177726496,Wyoming
2023-12-07,20930388.82169572,Wyoming
2023-12-08,21440415.408201117,Wyoming
2023-12-09,22133575.6600993,Wyoming
2023-12-10,21464015.7524772,Wyoming
2023-12-11,21830060.50288651,Wyoming
2023-12-12,21539415.75011168,Wyoming
2023-12-13,23506500.867413197,Wyoming
2023-12-14,21247268.8579561,Wyoming
2023-12-15,21783444.5173309,Wyoming
2023-12-16,22496170.12908897,Wyoming
2023-12-17,21838793.377642658,Wyoming
2023-12-18,22209053.176112305,Wyoming
2023-12-19,21914300.218991272,Wyoming
2023-12-20,23868840.69768461,Wyoming
2023-12-21,21588760.32691436,Wyoming
2023-12-22,22096159.083149258,Wyoming
2023-12-23,22772786.254045025,Wyoming
2023-12-24,22072810.828646433,Wyoming
2023-12-25,22394983.47174919,Wyoming
2023-12-26,22047827.622463528,Wyoming
2023-12-27,23946949.046324164,Wyoming
2023-12-28,21609822.01534074,Wyoming
2023-12-29,22059983.647295147,Wyoming
2023-12-30,22680627.20440122,Wyoming
2023-12-31,21927330.616655894,Wyoming
2024-01-01,22200177.70854292,Wyoming
2024-01-02,21808910.866091695,Wyoming
2024-01-03,23670205.599219184,Wyoming
2024-01-04,21302426.193984788,Wyoming
2024-01-05,21729794.87244764,Wyoming
2024-01-06,22335965.98667594,Wyoming
2024-01-07,21576742.058493216,Wyoming
2024-01-08,21852189.494448546,Wyoming
2024-01-09,21471792.858325258,Wyoming
2024-01-10,23351738.092950217,Wyoming
2024-01-11,21009683.616438314,Wyoming
2024-01-12,21468951.243360355,Wyoming
2024-01-13,22112127.806693956,Wyoming
2024-01-14,21393813.4776237,Wyoming
2024-01-15,21712773.657993548,Wyoming
2024-01-16,21377132.261957295,Wyoming
2024-01-17,23301695.632031664,Wyoming
2024-01-18,21002764.8216909,Wyoming
2024-01-19,21502366.989830684,Wyoming
2024-01-20,22181895.600818377,Wyoming
2024-01-21,21494894.302369896,Wyoming
2024-01-22,21839240.320719324,Wyoming
2024-01-23,21522364.27370956,Wyoming
2024-01-24,23458594.876892734,Wyoming
2024-01-25,21163985.671687193,Wyoming
2024-01-26,21660554.10264656,Wyoming
2024-01-27,22329922.415014997,Wyoming
2024-01-28,21626095.22443632,Wyoming
